{
    "ques_id": 1,
    "question_title": "Two Sum",
    "question_title_slug": "two-sum",
    "difficulty_level": 1,
    "description_html": "<div class=\"content__u3I1 question-content__JfgR\"><div><p>Given an array of integers <code>nums</code>\u00a0and an integer <code>target</code>, return <em>indices of the two numbers such that they add up to <code>target</code></em>.</p>\n\n<p>You may assume that each input would have <strong><em>exactly</em> one solution</strong>, and you may not use the <em>same</em> element twice.</p>\n\n<p>You can return the answer in any order.</p>\n\n<p>\u00a0</p>\n<p><strong class=\"example\">Example 1:</strong></p>\n\n<pre><strong>Input:</strong> nums = [2,7,11,15], target = 9\n<strong>Output:</strong> [0,1]\n<strong>Explanation:</strong> Because nums[0] + nums[1] == 9, we return [0, 1].\n</pre>\n\n<p><strong class=\"example\">Example 2:</strong></p>\n\n<pre><strong>Input:</strong> nums = [3,2,4], target = 6\n<strong>Output:</strong> [1,2]\n</pre>\n\n<p><strong class=\"example\">Example 3:</strong></p>\n\n<pre><strong>Input:</strong> nums = [3,3], target = 6\n<strong>Output:</strong> [0,1]\n</pre>\n\n<p>\u00a0</p>\n<p><strong>Constraints:</strong></p>\n\n<ul>\n\t<li><code>2 &lt;= nums.length &lt;= 10<sup>4</sup></code></li>\n\t<li><code>-10<sup>9</sup> &lt;= nums[i] &lt;= 10<sup>9</sup></code></li>\n\t<li><code>-10<sup>9</sup> &lt;= target &lt;= 10<sup>9</sup></code></li>\n\t<li><strong>Only one valid answer exists.</strong></li>\n</ul>\n\n<p>\u00a0</p>\n<strong>Follow-up:\u00a0</strong>Can you come up with an algorithm that is less than\u00a0<code>O(n<sup>2</sup>)\u00a0</code>time complexity?</div></div>"
}