{"ques_id": 102, "question_title": "Binary Tree Level Order Traversal", "question_title_slug": "binary-tree-level-order-traversal", "difficulty_level": 2, "description_html": "<div class=\"content__u3I1 question-content__JfgR\"><div><p>Given the <code>root</code> of a binary tree, return <em>the level order traversal of its nodes' values</em>. (i.e., from left to right, level by level).</p>\n\n<p>\u00a0</p>\n<p><strong class=\"example\">Example 1:</strong></p>\n<img alt=\"\" src=\"https://assets.leetcode.com/uploads/2021/02/19/tree1.jpg\" style=\"width: 277px; height: 302px;\"/>\n<pre><strong>Input:</strong> root = [3,9,20,null,null,15,7]\n<strong>Output:</strong> [[3],[9,20],[15,7]]\n</pre>\n\n<p><strong class=\"example\">Example 2:</strong></p>\n\n<pre><strong>Input:</strong> root = [1]\n<strong>Output:</strong> [[1]]\n</pre>\n\n<p><strong class=\"example\">Example 3:</strong></p>\n\n<pre><strong>Input:</strong> root = []\n<strong>Output:</strong> []\n</pre>\n\n<p>\u00a0</p>\n<p><strong>Constraints:</strong></p>\n\n<ul>\n\t<li>The number of nodes in the tree is in the range <code>[0, 2000]</code>.</li>\n\t<li><code>-1000 &lt;= Node.val &lt;= 1000</code></li>\n</ul>\n</div></div>"}