{"ques_id": 104, "question_title": "Maximum Depth of Binary Tree", "question_title_slug": "maximum-depth-of-binary-tree", "difficulty_level": 1, "description_html": "<div class=\"content__u3I1 question-content__JfgR\"><div><p>Given the <code>root</code> of a binary tree, return <em>its maximum depth</em>.</p>\n\n<p>A binary tree's <strong>maximum depth</strong>\u00a0is the number of nodes along the longest path from the root node down to the farthest leaf node.</p>\n\n<p>\u00a0</p>\n<p><strong class=\"example\">Example 1:</strong></p>\n<img alt=\"\" src=\"https://assets.leetcode.com/uploads/2020/11/26/tmp-tree.jpg\" style=\"width: 400px; height: 277px;\"/>\n<pre><strong>Input:</strong> root = [3,9,20,null,null,15,7]\n<strong>Output:</strong> 3\n</pre>\n\n<p><strong class=\"example\">Example 2:</strong></p>\n\n<pre><strong>Input:</strong> root = [1,null,2]\n<strong>Output:</strong> 2\n</pre>\n\n<p>\u00a0</p>\n<p><strong>Constraints:</strong></p>\n\n<ul>\n\t<li>The number of nodes in the tree is in the range <code>[0, 10<sup>4</sup>]</code>.</li>\n\t<li><code>-100 &lt;= Node.val &lt;= 100</code></li>\n</ul>\n</div></div>"}