{"ques_id": 11, "question_title": "Container With Most Water", "question_title_slug": "container-with-most-water", "difficulty_level": 2, "description_html": "<div class=\"content__u3I1 question-content__JfgR\"><div><p>You are given an integer array <code>height</code> of length <code>n</code>. There are <code>n</code> vertical lines drawn such that the two endpoints of the <code>i<sup>th</sup></code> line are <code>(i, 0)</code> and <code>(i, height[i])</code>.</p>\n\n<p>Find two lines that together with the x-axis form a container, such that the container contains the most water.</p>\n\n<p>Return <em>the maximum amount of water a container can store</em>.</p>\n\n<p><strong>Notice</strong> that you may not slant the container.</p>\n\n<p>\u00a0</p>\n<p><strong class=\"example\">Example 1:</strong></p>\n<img alt=\"\" src=\"https://s3-lc-upload.s3.amazonaws.com/uploads/2018/07/17/question_11.jpg\" style=\"width: 600px; height: 287px;\"/>\n<pre><strong>Input:</strong> height = [1,8,6,2,5,4,8,3,7]\n<strong>Output:</strong> 49\n<strong>Explanation:</strong> The above vertical lines are represented by array [1,8,6,2,5,4,8,3,7]. In this case, the max area of water (blue section) the container can contain is 49.\n</pre>\n\n<p><strong class=\"example\">Example 2:</strong></p>\n\n<pre><strong>Input:</strong> height = [1,1]\n<strong>Output:</strong> 1\n</pre>\n\n<p>\u00a0</p>\n<p><strong>Constraints:</strong></p>\n\n<ul>\n\t<li><code>n == height.length</code></li>\n\t<li><code>2 &lt;= n &lt;= 10<sup>5</sup></code></li>\n\t<li><code>0 &lt;= height[i] &lt;= 10<sup>4</sup></code></li>\n</ul>\n</div></div>"}