{"ques_id": 12, "question_title": "Integer to Roman", "question_title_slug": "integer-to-roman", "difficulty_level": 2, "description_html": "<div class=\"content__u3I1 question-content__JfgR\"><div><p>Roman numerals are represented by seven different symbols:\u00a0<code>I</code>, <code>V</code>, <code>X</code>, <code>L</code>, <code>C</code>, <code>D</code> and <code>M</code>.</p>\n\n<pre><strong>Symbol</strong>       <strong>Value</strong>\nI             1\nV             5\nX             10\nL             50\nC             100\nD             500\nM             1000</pre>\n\n<p>For example,\u00a0<code>2</code> is written as <code>II</code>\u00a0in Roman numeral, just two one's added together. <code>12</code> is written as\u00a0<code>XII</code>, which is simply <code>X + II</code>. The number <code>27</code> is written as <code>XXVII</code>, which is <code>XX + V + II</code>.</p>\n\n<p>Roman numerals are usually written largest to smallest from left to right. However, the numeral for four is not <code>IIII</code>. Instead, the number four is written as <code>IV</code>. Because the one is before the five we subtract it making four. The same principle applies to the number nine, which is written as <code>IX</code>. There are six instances where subtraction is used:</p>\n\n<ul>\n\t<li><code>I</code> can be placed before <code>V</code> (5) and <code>X</code> (10) to make 4 and 9.\u00a0</li>\n\t<li><code>X</code> can be placed before <code>L</code> (50) and <code>C</code> (100) to make 40 and 90.\u00a0</li>\n\t<li><code>C</code> can be placed before <code>D</code> (500) and <code>M</code> (1000) to make 400 and 900.</li>\n</ul>\n\n<p>Given an integer, convert it to a roman numeral.</p>\n\n<p>\u00a0</p>\n<p><strong class=\"example\">Example 1:</strong></p>\n\n<pre><strong>Input:</strong> num = 3\n<strong>Output:</strong> \"III\"\n<strong>Explanation:</strong> 3 is represented as 3 ones.\n</pre>\n\n<p><strong class=\"example\">Example 2:</strong></p>\n\n<pre><strong>Input:</strong> num = 58\n<strong>Output:</strong> \"LVIII\"\n<strong>Explanation:</strong> L = 50, V = 5, III = 3.\n</pre>\n\n<p><strong class=\"example\">Example 3:</strong></p>\n\n<pre><strong>Input:</strong> num = 1994\n<strong>Output:</strong> \"MCMXCIV\"\n<strong>Explanation:</strong> M = 1000, CM = 900, XC = 90 and IV = 4.\n</pre>\n\n<p>\u00a0</p>\n<p><strong>Constraints:</strong></p>\n\n<ul>\n\t<li><code>1 &lt;= num &lt;= 3999</code></li>\n</ul>\n</div></div>"}