{"ques_id": 14, "question_title": "Longest Common Prefix", "question_title_slug": "longest-common-prefix", "difficulty_level": 1, "description_html": "<div class=\"content__u3I1 question-content__JfgR\"><div><p>Write a function to find the longest common prefix string amongst an array of strings.</p>\n\n<p>If there is no common prefix, return an empty string <code>\"\"</code>.</p>\n\n<p>\u00a0</p>\n<p><strong class=\"example\">Example 1:</strong></p>\n\n<pre><strong>Input:</strong> strs = [\"flower\",\"flow\",\"flight\"]\n<strong>Output:</strong> \"fl\"\n</pre>\n\n<p><strong class=\"example\">Example 2:</strong></p>\n\n<pre><strong>Input:</strong> strs = [\"dog\",\"racecar\",\"car\"]\n<strong>Output:</strong> \"\"\n<strong>Explanation:</strong> There is no common prefix among the input strings.\n</pre>\n\n<p>\u00a0</p>\n<p><strong>Constraints:</strong></p>\n\n<ul>\n\t<li><code>1 &lt;= strs.length &lt;= 200</code></li>\n\t<li><code>0 &lt;= strs[i].length &lt;= 200</code></li>\n\t<li><code>strs[i]</code> consists of only lowercase English letters.</li>\n</ul>\n</div></div>"}