{"ques_id": 15, "question_title": "3Sum", "question_title_slug": "3sum", "difficulty_level": 2, "description_html": "<div class=\"content__u3I1 question-content__JfgR\"><div><p>Given an integer array nums, return all the triplets <code>[nums[i], nums[j], nums[k]]</code> such that <code>i != j</code>, <code>i != k</code>, and <code>j != k</code>, and <code>nums[i] + nums[j] + nums[k] == 0</code>.</p>\n\n<p>Notice that the solution set must not contain duplicate triplets.</p>\n\n<p>\u00a0</p>\n<p><strong class=\"example\">Example 1:</strong></p>\n\n<pre><strong>Input:</strong> nums = [-1,0,1,2,-1,-4]\n<strong>Output:</strong> [[-1,-1,2],[-1,0,1]]\n<strong>Explanation:</strong> \nnums[0] + nums[1] + nums[2] = (-1) + 0 + 1 = 0.\nnums[1] + nums[2] + nums[4] = 0 + 1 + (-1) = 0.\nnums[0] + nums[3] + nums[4] = (-1) + 2 + (-1) = 0.\nThe distinct triplets are [-1,0,1] and [-1,-1,2].\nNotice that the order of the output and the order of the triplets does not matter.\n</pre>\n\n<p><strong class=\"example\">Example 2:</strong></p>\n\n<pre><strong>Input:</strong> nums = [0,1,1]\n<strong>Output:</strong> []\n<strong>Explanation:</strong> The only possible triplet does not sum up to 0.\n</pre>\n\n<p><strong class=\"example\">Example 3:</strong></p>\n\n<pre><strong>Input:</strong> nums = [0,0,0]\n<strong>Output:</strong> [[0,0,0]]\n<strong>Explanation:</strong> The only possible triplet sums up to 0.\n</pre>\n\n<p>\u00a0</p>\n<p><strong>Constraints:</strong></p>\n\n<ul>\n\t<li><code>3 &lt;= nums.length &lt;= 3000</code></li>\n\t<li><code>-10<sup>5</sup> &lt;= nums[i] &lt;= 10<sup>5</sup></code></li>\n</ul>\n</div></div>"}