{"ques_id": 16, "question_title": "3Sum Closest", "question_title_slug": "3sum-closest", "difficulty_level": 2, "description_html": "<div class=\"content__u3I1 question-content__JfgR\"><div><p>Given an integer array <code>nums</code> of length <code>n</code> and an integer <code>target</code>, find three integers in <code>nums</code> such that the sum is closest to <code>target</code>.</p>\n\n<p>Return <em>the sum of the three integers</em>.</p>\n\n<p>You may assume that each input would have exactly one solution.</p>\n\n<p>\u00a0</p>\n<p><strong class=\"example\">Example 1:</strong></p>\n\n<pre><strong>Input:</strong> nums = [-1,2,1,-4], target = 1\n<strong>Output:</strong> 2\n<strong>Explanation:</strong> The sum that is closest to the target is 2. (-1 + 2 + 1 = 2).\n</pre>\n\n<p><strong class=\"example\">Example 2:</strong></p>\n\n<pre><strong>Input:</strong> nums = [0,0,0], target = 1\n<strong>Output:</strong> 0\n<strong>Explanation:</strong> The sum that is closest to the target is 0. (0 + 0 + 0 = 0).\n</pre>\n\n<p>\u00a0</p>\n<p><strong>Constraints:</strong></p>\n\n<ul>\n\t<li><code>3 &lt;= nums.length &lt;= 500</code></li>\n\t<li><code>-1000 &lt;= nums[i] &lt;= 1000</code></li>\n\t<li><code>-10<sup>4</sup> &lt;= target &lt;= 10<sup>4</sup></code></li>\n</ul>\n</div></div>"}