{"ques_id": 17, "question_title": "Letter Combinations of a Phone Number", "question_title_slug": "letter-combinations-of-a-phone-number", "difficulty_level": 2, "description_html": "<div class=\"content__u3I1 question-content__JfgR\"><div><p>Given a string containing digits from <code>2-9</code> inclusive, return all possible letter combinations that the number could represent. Return the answer in <strong>any order</strong>.</p>\n\n<p>A mapping of digits to letters (just like on the telephone buttons) is given below. Note that 1 does not map to any letters.</p>\n<img alt=\"\" src=\"https://assets.leetcode.com/uploads/2022/03/15/1200px-telephone-keypad2svg.png\" style=\"width: 300px; height: 243px;\"/>\n<p>\u00a0</p>\n<p><strong class=\"example\">Example 1:</strong></p>\n\n<pre><strong>Input:</strong> digits = \"23\"\n<strong>Output:</strong> [\"ad\",\"ae\",\"af\",\"bd\",\"be\",\"bf\",\"cd\",\"ce\",\"cf\"]\n</pre>\n\n<p><strong class=\"example\">Example 2:</strong></p>\n\n<pre><strong>Input:</strong> digits = \"\"\n<strong>Output:</strong> []\n</pre>\n\n<p><strong class=\"example\">Example 3:</strong></p>\n\n<pre><strong>Input:</strong> digits = \"2\"\n<strong>Output:</strong> [\"a\",\"b\",\"c\"]\n</pre>\n\n<p>\u00a0</p>\n<p><strong>Constraints:</strong></p>\n\n<ul>\n\t<li><code>0 &lt;= digits.length &lt;= 4</code></li>\n\t<li><code>digits[i]</code> is a digit in the range <code>['2', '9']</code>.</li>\n</ul>\n</div></div>"}