{"ques_id": 18, "question_title": "4Sum", "question_title_slug": "4sum", "difficulty_level": 2, "description_html": "<div class=\"content__u3I1 question-content__JfgR\"><div><p>Given an array <code>nums</code> of <code>n</code> integers, return <em>an array of all the <strong>unique</strong> quadruplets</em> <code>[nums[a], nums[b], nums[c], nums[d]]</code> such that:</p>\n\n<ul>\n\t<li><code>0 &lt;= a, b, c, d\u00a0&lt; n</code></li>\n\t<li><code>a</code>, <code>b</code>, <code>c</code>, and <code>d</code> are <strong>distinct</strong>.</li>\n\t<li><code>nums[a] + nums[b] + nums[c] + nums[d] == target</code></li>\n</ul>\n\n<p>You may return the answer in <strong>any order</strong>.</p>\n\n<p>\u00a0</p>\n<p><strong class=\"example\">Example 1:</strong></p>\n\n<pre><strong>Input:</strong> nums = [1,0,-1,0,-2,2], target = 0\n<strong>Output:</strong> [[-2,-1,1,2],[-2,0,0,2],[-1,0,0,1]]\n</pre>\n\n<p><strong class=\"example\">Example 2:</strong></p>\n\n<pre><strong>Input:</strong> nums = [2,2,2,2,2], target = 8\n<strong>Output:</strong> [[2,2,2,2]]\n</pre>\n\n<p>\u00a0</p>\n<p><strong>Constraints:</strong></p>\n\n<ul>\n\t<li><code>1 &lt;= nums.length &lt;= 200</code></li>\n\t<li><code>-10<sup>9</sup> &lt;= nums[i] &lt;= 10<sup>9</sup></code></li>\n\t<li><code>-10<sup>9</sup> &lt;= target &lt;= 10<sup>9</sup></code></li>\n</ul>\n</div></div>"}