{"ques_id": 19, "question_title": "Remove Nth Node From End of List", "question_title_slug": "remove-nth-node-from-end-of-list", "difficulty_level": 2, "description_html": "<div class=\"content__u3I1 question-content__JfgR\"><div><p>Given the <code>head</code> of a linked list, remove the <code>n<sup>th</sup></code> node from the end of the list and return its head.</p>\n\n<p>\u00a0</p>\n<p><strong class=\"example\">Example 1:</strong></p>\n<img alt=\"\" src=\"https://assets.leetcode.com/uploads/2020/10/03/remove_ex1.jpg\" style=\"width: 542px; height: 222px;\"/>\n<pre><strong>Input:</strong> head = [1,2,3,4,5], n = 2\n<strong>Output:</strong> [1,2,3,5]\n</pre>\n\n<p><strong class=\"example\">Example 2:</strong></p>\n\n<pre><strong>Input:</strong> head = [1], n = 1\n<strong>Output:</strong> []\n</pre>\n\n<p><strong class=\"example\">Example 3:</strong></p>\n\n<pre><strong>Input:</strong> head = [1,2], n = 1\n<strong>Output:</strong> [1]\n</pre>\n\n<p>\u00a0</p>\n<p><strong>Constraints:</strong></p>\n\n<ul>\n\t<li>The number of nodes in the list is <code>sz</code>.</li>\n\t<li><code>1 &lt;= sz &lt;= 30</code></li>\n\t<li><code>0 &lt;= Node.val &lt;= 100</code></li>\n\t<li><code>1 &lt;= n &lt;= sz</code></li>\n</ul>\n\n<p>\u00a0</p>\n<p><strong>Follow up:</strong> Could you do this in one pass?</p>\n</div></div>"}