{
  "ques_id": 2,
  "question_title": "Add Two Numbers",
  "question_title_slug": "add-two-numbers",
  "difficulty_level": 2,
  "description_html": "<div class=\"content__u3I1 question-content__JfgR\"><div><p>You are given two <strong>non-empty</strong> linked lists representing two non-negative integers. The digits are stored in <strong>reverse order</strong>, and each of their nodes contains a single digit. Add the two numbers and return the sum\u00a0as a linked list.</p>\n\n<p>You may assume the two numbers do not contain any leading zero, except the number 0 itself.</p>\n\n<p>\u00a0</p>\n<p><strong class=\"example\">Example 1:</strong></p>\n<img alt=\"\" src=\"https://assets.leetcode.com/uploads/2020/10/02/addtwonumber1.jpg\" style=\"width: 483px; height: 342px;\"/>\n<pre><strong>Input:</strong> l1 = [2,4,3], l2 = [5,6,4]\n<strong>Output:</strong> [7,0,8]\n<strong>Explanation:</strong> 342 + 465 = 807.\n</pre>\n\n<p><strong class=\"example\">Example 2:</strong></p>\n\n<pre><strong>Input:</strong> l1 = [0], l2 = [0]\n<strong>Output:</strong> [0]\n</pre>\n\n<p><strong class=\"example\">Example 3:</strong></p>\n\n<pre><strong>Input:</strong> l1 = [9,9,9,9,9,9,9], l2 = [9,9,9,9]\n<strong>Output:</strong> [8,9,9,9,0,0,0,1]\n</pre>\n\n<p>\u00a0</p>\n<p><strong>Constraints:</strong></p>\n\n<ul>\n\t<li>The number of nodes in each linked list is in the range <code>[1, 100]</code>.</li>\n\t<li><code>0 &lt;= Node.val &lt;= 9</code></li>\n\t<li>It is guaranteed that the list represents a number that does not have leading zeros.</li>\n</ul>\n</div></div>"
}
