{"ques_id": 20, "question_title": "Valid Parentheses", "question_title_slug": "valid-parentheses", "difficulty_level": 1, "description_html": "<div class=\"content__u3I1 question-content__JfgR\"><div><p>Given a string <code>s</code> containing just the characters <code>'('</code>, <code>')'</code>, <code>'{'</code>, <code>'}'</code>, <code>'['</code> and <code>']'</code>, determine if the input string is valid.</p>\n\n<p>An input string is valid if:</p>\n\n<ol>\n\t<li>Open brackets must be closed by the same type of brackets.</li>\n\t<li>Open brackets must be closed in the correct order.</li>\n\t<li>Every close bracket has a corresponding open bracket of the same type.</li>\n</ol>\n\n<p>\u00a0</p>\n<p><strong class=\"example\">Example 1:</strong></p>\n\n<pre><strong>Input:</strong> s = \"()\"\n<strong>Output:</strong> true\n</pre>\n\n<p><strong class=\"example\">Example 2:</strong></p>\n\n<pre><strong>Input:</strong> s = \"()[]{}\"\n<strong>Output:</strong> true\n</pre>\n\n<p><strong class=\"example\">Example 3:</strong></p>\n\n<pre><strong>Input:</strong> s = \"(]\"\n<strong>Output:</strong> false\n</pre>\n\n<p>\u00a0</p>\n<p><strong>Constraints:</strong></p>\n\n<ul>\n\t<li><code>1 &lt;= s.length &lt;= 10<sup>4</sup></code></li>\n\t<li><code>s</code> consists of parentheses only <code>'()[]{}'</code>.</li>\n</ul>\n</div></div>"}