{"ques_id": 21, "question_title": "Merge Two Sorted Lists", "question_title_slug": "merge-two-sorted-lists", "difficulty_level": 1, "description_html": "<div class=\"content__u3I1 question-content__JfgR\"><div><p>You are given the heads of two sorted linked lists <code>list1</code> and <code>list2</code>.</p>\n\n<p>Merge the two lists in a one <strong>sorted</strong> list. The list should be made by splicing together the nodes of the first two lists.</p>\n\n<p>Return <em>the head of the merged linked list</em>.</p>\n\n<p>\u00a0</p>\n<p><strong class=\"example\">Example 1:</strong></p>\n<img alt=\"\" src=\"https://assets.leetcode.com/uploads/2020/10/03/merge_ex1.jpg\" style=\"width: 662px; height: 302px;\"/>\n<pre><strong>Input:</strong> list1 = [1,2,4], list2 = [1,3,4]\n<strong>Output:</strong> [1,1,2,3,4,4]\n</pre>\n\n<p><strong class=\"example\">Example 2:</strong></p>\n\n<pre><strong>Input:</strong> list1 = [], list2 = []\n<strong>Output:</strong> []\n</pre>\n\n<p><strong class=\"example\">Example 3:</strong></p>\n\n<pre><strong>Input:</strong> list1 = [], list2 = [0]\n<strong>Output:</strong> [0]\n</pre>\n\n<p>\u00a0</p>\n<p><strong>Constraints:</strong></p>\n\n<ul>\n\t<li>The number of nodes in both lists is in the range <code>[0, 50]</code>.</li>\n\t<li><code>-100 &lt;= Node.val &lt;= 100</code></li>\n\t<li>Both <code>list1</code> and <code>list2</code> are sorted in <strong>non-decreasing</strong> order.</li>\n</ul>\n</div></div>"}