{"ques_id": 22, "question_title": "Generate Parentheses", "question_title_slug": "generate-parentheses", "difficulty_level": 2, "description_html": "<div class=\"content__u3I1 question-content__JfgR\"><div><p>Given <code>n</code> pairs of parentheses, write a function to <em>generate all combinations of well-formed parentheses</em>.</p>\n\n<p>\u00a0</p>\n<p><strong class=\"example\">Example 1:</strong></p>\n<pre><strong>Input:</strong> n = 3\n<strong>Output:</strong> [\"((()))\",\"(()())\",\"(())()\",\"()(())\",\"()()()\"]\n</pre><p><strong class=\"example\">Example 2:</strong></p>\n<pre><strong>Input:</strong> n = 1\n<strong>Output:</strong> [\"()\"]\n</pre>\n<p>\u00a0</p>\n<p><strong>Constraints:</strong></p>\n\n<ul>\n\t<li><code>1 &lt;= n &lt;= 8</code></li>\n</ul>\n</div></div>"}