{"ques_id": 23, "question_title": "Merge k Sorted Lists", "question_title_slug": "merge-k-sorted-lists", "difficulty_level": 3, "description_html": "<div class=\"content__u3I1 question-content__JfgR\"><div><p>You are given an array of <code>k</code> linked-lists <code>lists</code>, each linked-list is sorted in ascending order.</p>\n\n<p><em>Merge all the linked-lists into one sorted linked-list and return it.</em></p>\n\n<p>\u00a0</p>\n<p><strong class=\"example\">Example 1:</strong></p>\n\n<pre><strong>Input:</strong> lists = [[1,4,5],[1,3,4],[2,6]]\n<strong>Output:</strong> [1,1,2,3,4,4,5,6]\n<strong>Explanation:</strong> The linked-lists are:\n[\n  1-&gt;4-&gt;5,\n  1-&gt;3-&gt;4,\n  2-&gt;6\n]\nmerging them into one sorted list:\n1-&gt;1-&gt;2-&gt;3-&gt;4-&gt;4-&gt;5-&gt;6\n</pre>\n\n<p><strong class=\"example\">Example 2:</strong></p>\n\n<pre><strong>Input:</strong> lists = []\n<strong>Output:</strong> []\n</pre>\n\n<p><strong class=\"example\">Example 3:</strong></p>\n\n<pre><strong>Input:</strong> lists = [[]]\n<strong>Output:</strong> []\n</pre>\n\n<p>\u00a0</p>\n<p><strong>Constraints:</strong></p>\n\n<ul>\n\t<li><code>k == lists.length</code></li>\n\t<li><code>0 &lt;= k &lt;= 10<sup>4</sup></code></li>\n\t<li><code>0 &lt;= lists[i].length &lt;= 500</code></li>\n\t<li><code>-10<sup>4</sup> &lt;= lists[i][j] &lt;= 10<sup>4</sup></code></li>\n\t<li><code>lists[i]</code> is sorted in <strong>ascending order</strong>.</li>\n\t<li>The sum of <code>lists[i].length</code> will not exceed <code>10<sup>4</sup></code>.</li>\n</ul>\n</div></div>"}