{"ques_id": 24, "question_title": "Swap Nodes in Pairs", "question_title_slug": "swap-nodes-in-pairs", "difficulty_level": 2, "description_html": "<div class=\"content__u3I1 question-content__JfgR\"><div><p>Given a\u00a0linked list, swap every two adjacent nodes and return its head. You must solve the problem without\u00a0modifying the values in the list's nodes (i.e., only nodes themselves may be changed.)</p>\n\n<p>\u00a0</p>\n<p><strong class=\"example\">Example 1:</strong></p>\n<img alt=\"\" src=\"https://assets.leetcode.com/uploads/2020/10/03/swap_ex1.jpg\" style=\"width: 422px; height: 222px;\"/>\n<pre><strong>Input:</strong> head = [1,2,3,4]\n<strong>Output:</strong> [2,1,4,3]\n</pre>\n\n<p><strong class=\"example\">Example 2:</strong></p>\n\n<pre><strong>Input:</strong> head = []\n<strong>Output:</strong> []\n</pre>\n\n<p><strong class=\"example\">Example 3:</strong></p>\n\n<pre><strong>Input:</strong> head = [1]\n<strong>Output:</strong> [1]\n</pre>\n\n<p>\u00a0</p>\n<p><strong>Constraints:</strong></p>\n\n<ul>\n\t<li>The number of nodes in the\u00a0list\u00a0is in the range <code>[0, 100]</code>.</li>\n\t<li><code>0 &lt;= Node.val &lt;= 100</code></li>\n</ul>\n</div></div>"}