{"ques_id": 25, "question_title": "Reverse Nodes in k-Group", "question_title_slug": "reverse-nodes-in-k-group", "difficulty_level": 3, "description_html": "<div class=\"content__u3I1 question-content__JfgR\"><div><p>Given the <code>head</code> of a linked list, reverse the nodes of the list <code>k</code> at a time, and return <em>the modified list</em>.</p>\n\n<p><code>k</code> is a positive integer and is less than or equal to the length of the linked list. If the number of nodes is not a multiple of <code>k</code> then left-out nodes, in the end, should remain as it is.</p>\n\n<p>You may not alter the values in the list's nodes, only nodes themselves may be changed.</p>\n\n<p>\u00a0</p>\n<p><strong class=\"example\">Example 1:</strong></p>\n<img alt=\"\" src=\"https://assets.leetcode.com/uploads/2020/10/03/reverse_ex1.jpg\" style=\"width: 542px; height: 222px;\"/>\n<pre><strong>Input:</strong> head = [1,2,3,4,5], k = 2\n<strong>Output:</strong> [2,1,4,3,5]\n</pre>\n\n<p><strong class=\"example\">Example 2:</strong></p>\n<img alt=\"\" src=\"https://assets.leetcode.com/uploads/2020/10/03/reverse_ex2.jpg\" style=\"width: 542px; height: 222px;\"/>\n<pre><strong>Input:</strong> head = [1,2,3,4,5], k = 3\n<strong>Output:</strong> [3,2,1,4,5]\n</pre>\n\n<p>\u00a0</p>\n<p><strong>Constraints:</strong></p>\n\n<ul>\n\t<li>The number of nodes in the list is <code>n</code>.</li>\n\t<li><code>1 &lt;= k &lt;= n &lt;= 5000</code></li>\n\t<li><code>0 &lt;= Node.val &lt;= 1000</code></li>\n</ul>\n\n<p>\u00a0</p>\n<p><strong>Follow-up:</strong> Can you solve the problem in <code>O(1)</code> extra memory space?</p>\n</div></div>"}