{"ques_id": 27, "question_title": "Remove Element", "question_title_slug": "remove-element", "difficulty_level": 1, "description_html": "<div class=\"content__u3I1 question-content__JfgR\"><div><p>Given an integer array <code>nums</code> and an integer <code>val</code>, remove all occurrences of <code>val</code> in <code>nums</code> <a href=\"https://en.wikipedia.org/wiki/In-place_algorithm\" target=\"_blank\"><strong>in-place</strong></a>. The relative order of the elements may be changed.</p>\n\n<p>Since it is impossible to change the length of the array in some languages, you must instead have the result be placed in the <strong>first part</strong> of the array <code>nums</code>. More formally, if there are <code>k</code> elements after removing the duplicates, then the first <code>k</code> elements of <code>nums</code> should hold the final result. It does not matter what you leave beyond the first <code>k</code> elements.</p>\n\n<p>Return <code>k</code><em> after placing the final result in the first </em><code>k</code><em> slots of </em><code>nums</code>.</p>\n\n<p>Do <strong>not</strong> allocate extra space for another array. You must do this by <strong>modifying the input array <a href=\"https://en.wikipedia.org/wiki/In-place_algorithm\" target=\"_blank\">in-place</a></strong> with O(1) extra memory.</p>\n\n<p><strong>Custom Judge:</strong></p>\n\n<p>The judge will test your solution with the following code:</p>\n\n<pre>int[] nums = [...]; // Input array\nint val = ...; // Value to remove\nint[] expectedNums = [...]; // The expected answer with correct length.\n                            // It is sorted with no values equaling val.\n\nint k = removeElement(nums, val); // Calls your implementation\n\nassert k == expectedNums.length;\nsort(nums, 0, k); // Sort the first k elements of nums\nfor (int i = 0; i &lt; actualLength; i++) {\n    assert nums[i] == expectedNums[i];\n}\n</pre>\n\n<p>If all assertions pass, then your solution will be <strong>accepted</strong>.</p>\n\n<p>\u00a0</p>\n<p><strong class=\"example\">Example 1:</strong></p>\n\n<pre><strong>Input:</strong> nums = [3,2,2,3], val = 3\n<strong>Output:</strong> 2, nums = [2,2,_,_]\n<strong>Explanation:</strong> Your function should return k = 2, with the first two elements of nums being 2.\nIt does not matter what you leave beyond the returned k (hence they are underscores).\n</pre>\n\n<p><strong class=\"example\">Example 2:</strong></p>\n\n<pre><strong>Input:</strong> nums = [0,1,2,2,3,0,4,2], val = 2\n<strong>Output:</strong> 5, nums = [0,1,4,0,3,_,_,_]\n<strong>Explanation:</strong> Your function should return k = 5, with the first five elements of nums containing 0, 0, 1, 3, and 4.\nNote that the five elements can be returned in any order.\nIt does not matter what you leave beyond the returned k (hence they are underscores).\n</pre>\n\n<p>\u00a0</p>\n<p><strong>Constraints:</strong></p>\n\n<ul>\n\t<li><code>0 &lt;= nums.length &lt;= 100</code></li>\n\t<li><code>0 &lt;= nums[i] &lt;= 50</code></li>\n\t<li><code>0 &lt;= val &lt;= 100</code></li>\n</ul>\n</div></div>"}