{"ques_id": 28, "question_title": "Find the Index of the First Occurrence in a String", "question_title_slug": "find-the-index-of-the-first-occurrence-in-a-string", "difficulty_level": 2, "description_html": "<div class=\"content__u3I1 question-content__JfgR\"><div><p>Given two strings <code>needle</code> and <code>haystack</code>, return the index of the first occurrence of <code>needle</code> in <code>haystack</code>, or <code>-1</code> if <code>needle</code> is not part of <code>haystack</code>.</p>\n\n<p>\u00a0</p>\n<p><strong class=\"example\">Example 1:</strong></p>\n\n<pre><strong>Input:</strong> haystack = \"sadbutsad\", needle = \"sad\"\n<strong>Output:</strong> 0\n<strong>Explanation:</strong> \"sad\" occurs at index 0 and 6.\nThe first occurrence is at index 0, so we return 0.\n</pre>\n\n<p><strong class=\"example\">Example 2:</strong></p>\n\n<pre><strong>Input:</strong> haystack = \"leetcode\", needle = \"leeto\"\n<strong>Output:</strong> -1\n<strong>Explanation:</strong> \"leeto\" did not occur in \"leetcode\", so we return -1.\n</pre>\n\n<p>\u00a0</p>\n<p><strong>Constraints:</strong></p>\n\n<ul>\n\t<li><code>1 &lt;= haystack.length, needle.length &lt;= 10<sup>4</sup></code></li>\n\t<li><code>haystack</code> and <code>needle</code> consist of only lowercase English characters.</li>\n</ul>\n</div></div>"}