{"ques_id": 29, "question_title": "Divide Two Integers", "question_title_slug": "divide-two-integers", "difficulty_level": 2, "description_html": "<div class=\"content__u3I1 question-content__JfgR\"><div><p>Given two integers <code>dividend</code> and <code>divisor</code>, divide two integers <strong>without</strong> using multiplication, division, and mod operator.</p>\n\n<p>The integer division should truncate toward zero, which means losing its fractional part. For example, <code>8.345</code> would be truncated to <code>8</code>, and <code>-2.7335</code> would be truncated to <code>-2</code>.</p>\n\n<p>Return <em>the <strong>quotient</strong> after dividing </em><code>dividend</code><em> by </em><code>divisor</code>.</p>\n\n<p><strong>Note: </strong>Assume we are dealing with an environment that could only store integers within the <strong>32-bit</strong> signed integer range: <code>[\u22122<sup>31</sup>, 2<sup>31</sup> \u2212 1]</code>. For this problem, if the quotient is <strong>strictly greater than</strong> <code>2<sup>31</sup> - 1</code>, then return <code>2<sup>31</sup> - 1</code>, and if the quotient is <strong>strictly less than</strong> <code>-2<sup>31</sup></code>, then return <code>-2<sup>31</sup></code>.</p>\n\n<p>\u00a0</p>\n<p><strong class=\"example\">Example 1:</strong></p>\n\n<pre><strong>Input:</strong> dividend = 10, divisor = 3\n<strong>Output:</strong> 3\n<strong>Explanation:</strong> 10/3 = 3.33333.. which is truncated to 3.\n</pre>\n\n<p><strong class=\"example\">Example 2:</strong></p>\n\n<pre><strong>Input:</strong> dividend = 7, divisor = -3\n<strong>Output:</strong> -2\n<strong>Explanation:</strong> 7/-3 = -2.33333.. which is truncated to -2.\n</pre>\n\n<p>\u00a0</p>\n<p><strong>Constraints:</strong></p>\n\n<ul>\n\t<li><code>-2<sup>31</sup> &lt;= dividend, divisor &lt;= 2<sup>31</sup> - 1</code></li>\n\t<li><code>divisor != 0</code></li>\n</ul>\n</div></div>"}