{"ques_id": 3, "question_title": "Longest Substring Without Repeating Characters", "question_title_slug": "longest-substring-without-repeating-characters", "difficulty_level": 2, "description_html": "<div class=\"content__u3I1 question-content__JfgR\"><div><p>Given a string <code>s</code>, find the length of the <strong>longest substring</strong> without repeating characters.</p>\n\n<p>\u00a0</p>\n<p><strong class=\"example\">Example 1:</strong></p>\n\n<pre><strong>Input:</strong> s = \"abcabcbb\"\n<strong>Output:</strong> 3\n<strong>Explanation:</strong> The answer is \"abc\", with the length of 3.\n</pre>\n\n<p><strong class=\"example\">Example 2:</strong></p>\n\n<pre><strong>Input:</strong> s = \"bbbbb\"\n<strong>Output:</strong> 1\n<strong>Explanation:</strong> The answer is \"b\", with the length of 1.\n</pre>\n\n<p><strong class=\"example\">Example 3:</strong></p>\n\n<pre><strong>Input:</strong> s = \"pwwkew\"\n<strong>Output:</strong> 3\n<strong>Explanation:</strong> The answer is \"wke\", with the length of 3.\nNotice that the answer must be a substring, \"pwke\" is a subsequence and not a substring.\n</pre>\n\n<p>\u00a0</p>\n<p><strong>Constraints:</strong></p>\n\n<ul>\n\t<li><code>0 &lt;= s.length &lt;= 5 * 10<sup>4</sup></code></li>\n\t<li><code>s</code> consists of English letters, digits, symbols and spaces.</li>\n</ul>\n</div></div>"}