{"ques_id": 30, "question_title": "Substring with Concatenation of All Words", "question_title_slug": "substring-with-concatenation-of-all-words", "difficulty_level": 3, "description_html": "<div class=\"content__u3I1 question-content__JfgR\"><div><p>You are given a string <code>s</code> and an array of strings <code>words</code>. All the strings of <code>words</code> are of <strong>the same length</strong>.</p>\n\n<p>A <strong>concatenated substring</strong> in <code>s</code> is a substring that contains all the strings of any permutation of <code>words</code> concatenated.</p>\n\n<ul>\n\t<li>For example, if <code>words = [\"ab\",\"cd\",\"ef\"]</code>, then <code>\"abcdef\"</code>, <code>\"abefcd\"</code>, <code>\"cdabef\"</code>, <code>\"cdefab\"</code>, <code>\"efabcd\"</code>, and <code>\"efcdab\"</code> are all concatenated strings. <code>\"acdbef\"</code> is not a concatenated substring because it is not the concatenation of any permutation of <code>words</code>.</li>\n</ul>\n\n<p>Return <em>the starting indices of all the concatenated substrings in </em><code>s</code>. You can return the answer in <strong>any order</strong>.</p>\n\n<p>\u00a0</p>\n<p><strong class=\"example\">Example 1:</strong></p>\n\n<pre><strong>Input:</strong> s = \"barfoothefoobarman\", words = [\"foo\",\"bar\"]\n<strong>Output:</strong> [0,9]\n<strong>Explanation:</strong> Since words.length == 2 and words[i].length == 3, the concatenated substring has to be of length 6.\nThe substring starting at 0 is \"barfoo\". It is the concatenation of [\"bar\",\"foo\"] which is a permutation of words.\nThe substring starting at 9 is \"foobar\". It is the concatenation of [\"foo\",\"bar\"] which is a permutation of words.\nThe output order does not matter. Returning [9,0] is fine too.\n</pre>\n\n<p><strong class=\"example\">Example 2:</strong></p>\n\n<pre><strong>Input:</strong> s = \"wordgoodgoodgoodbestword\", words = [\"word\",\"good\",\"best\",\"word\"]\n<strong>Output:</strong> []\n<strong>Explanation:</strong> Since words.length == 4 and words[i].length == 4, the concatenated substring has to be of length 16.\nThere is no substring of length 16 is s that is equal to the concatenation of any permutation of words.\nWe return an empty array.\n</pre>\n\n<p><strong class=\"example\">Example 3:</strong></p>\n\n<pre><strong>Input:</strong> s = \"barfoofoobarthefoobarman\", words = [\"bar\",\"foo\",\"the\"]\n<strong>Output:</strong> [6,9,12]\n<strong>Explanation:</strong> Since words.length == 3 and words[i].length == 3, the concatenated substring has to be of length 9.\nThe substring starting at 6 is \"foobarthe\". It is the concatenation of [\"foo\",\"bar\",\"the\"] which is a permutation of words.\nThe substring starting at 9 is \"barthefoo\". It is the concatenation of [\"bar\",\"the\",\"foo\"] which is a permutation of words.\nThe substring starting at 12 is \"thefoobar\". It is the concatenation of [\"the\",\"foo\",\"bar\"] which is a permutation of words.\n</pre>\n\n<p>\u00a0</p>\n<p><strong>Constraints:</strong></p>\n\n<ul>\n\t<li><code>1 &lt;= s.length &lt;= 10<sup>4</sup></code></li>\n\t<li><code>1 &lt;= words.length &lt;= 5000</code></li>\n\t<li><code>1 &lt;= words[i].length &lt;= 30</code></li>\n\t<li><code>s</code> and <code>words[i]</code> consist of lowercase English letters.</li>\n</ul>\n</div></div>"}