{"ques_id": 31, "question_title": "Next Permutation", "question_title_slug": "next-permutation", "difficulty_level": 2, "description_html": "<div class=\"content__u3I1 question-content__JfgR\"><div><p>A <strong>permutation</strong> of an array of integers is an arrangement of its members into a sequence or linear order.</p>\n\n<ul>\n\t<li>For example, for <code>arr = [1,2,3]</code>, the following are all the permutations of <code>arr</code>: <code>[1,2,3], [1,3,2], [2, 1, 3], [2, 3, 1], [3,1,2], [3,2,1]</code>.</li>\n</ul>\n\n<p>The <strong>next permutation</strong> of an array of integers is the next lexicographically greater permutation of its integer. More formally, if all the permutations of the array are sorted in one container according to their lexicographical order, then the <strong>next permutation</strong> of that array is the permutation that follows it in the sorted container. If such arrangement is not possible, the array must be rearranged as the lowest possible order (i.e., sorted in ascending order).</p>\n\n<ul>\n\t<li>For example, the next permutation of <code>arr = [1,2,3]</code> is <code>[1,3,2]</code>.</li>\n\t<li>Similarly, the next permutation of <code>arr = [2,3,1]</code> is <code>[3,1,2]</code>.</li>\n\t<li>While the next permutation of <code>arr = [3,2,1]</code> is <code>[1,2,3]</code> because <code>[3,2,1]</code> does not have a lexicographical larger rearrangement.</li>\n</ul>\n\n<p>Given an array of integers <code>nums</code>, <em>find the next permutation of</em> <code>nums</code>.</p>\n\n<p>The replacement must be <strong><a href=\"http://en.wikipedia.org/wiki/In-place_algorithm\" target=\"_blank\">in place</a></strong> and use only constant extra memory.</p>\n\n<p>\u00a0</p>\n<p><strong class=\"example\">Example 1:</strong></p>\n\n<pre><strong>Input:</strong> nums = [1,2,3]\n<strong>Output:</strong> [1,3,2]\n</pre>\n\n<p><strong class=\"example\">Example 2:</strong></p>\n\n<pre><strong>Input:</strong> nums = [3,2,1]\n<strong>Output:</strong> [1,2,3]\n</pre>\n\n<p><strong class=\"example\">Example 3:</strong></p>\n\n<pre><strong>Input:</strong> nums = [1,1,5]\n<strong>Output:</strong> [1,5,1]\n</pre>\n\n<p>\u00a0</p>\n<p><strong>Constraints:</strong></p>\n\n<ul>\n\t<li><code>1 &lt;= nums.length &lt;= 100</code></li>\n\t<li><code>0 &lt;= nums[i] &lt;= 100</code></li>\n</ul>\n</div></div>"}