{"ques_id": 32, "question_title": "Longest Valid Parentheses", "question_title_slug": "longest-valid-parentheses", "difficulty_level": 3, "description_html": "<div class=\"content__u3I1 question-content__JfgR\"><div><p>Given a string containing just the characters <code>'('</code> and <code>')'</code>, find the length of the longest valid (well-formed) parentheses substring.</p>\n\n<p>\u00a0</p>\n<p><strong class=\"example\">Example 1:</strong></p>\n\n<pre><strong>Input:</strong> s = \"(()\"\n<strong>Output:</strong> 2\n<strong>Explanation:</strong> The longest valid parentheses substring is \"()\".\n</pre>\n\n<p><strong class=\"example\">Example 2:</strong></p>\n\n<pre><strong>Input:</strong> s = \")()())\"\n<strong>Output:</strong> 4\n<strong>Explanation:</strong> The longest valid parentheses substring is \"()()\".\n</pre>\n\n<p><strong class=\"example\">Example 3:</strong></p>\n\n<pre><strong>Input:</strong> s = \"\"\n<strong>Output:</strong> 0\n</pre>\n\n<p>\u00a0</p>\n<p><strong>Constraints:</strong></p>\n\n<ul>\n\t<li><code>0 &lt;= s.length &lt;= 3 * 10<sup>4</sup></code></li>\n\t<li><code>s[i]</code> is <code>'('</code>, or <code>')'</code>.</li>\n</ul>\n</div></div>"}