{"ques_id": 34, "question_title": "Find First and Last Position of Element in Sorted Array", "question_title_slug": "find-first-and-last-position-of-element-in-sorted-array", "difficulty_level": 2, "description_html": "<div class=\"content__u3I1 question-content__JfgR\"><div><p>Given an array of integers <code>nums</code> sorted in non-decreasing order, find the starting and ending position of a given <code>target</code> value.</p>\n\n<p>If <code>target</code> is not found in the array, return <code>[-1, -1]</code>.</p>\n\n<p>You must\u00a0write an algorithm with\u00a0<code>O(log n)</code> runtime complexity.</p>\n\n<p>\u00a0</p>\n<p><strong class=\"example\">Example 1:</strong></p>\n<pre><strong>Input:</strong> nums = [5,7,7,8,8,10], target = 8\n<strong>Output:</strong> [3,4]\n</pre><p><strong class=\"example\">Example 2:</strong></p>\n<pre><strong>Input:</strong> nums = [5,7,7,8,8,10], target = 6\n<strong>Output:</strong> [-1,-1]\n</pre><p><strong class=\"example\">Example 3:</strong></p>\n<pre><strong>Input:</strong> nums = [], target = 0\n<strong>Output:</strong> [-1,-1]\n</pre>\n<p>\u00a0</p>\n<p><strong>Constraints:</strong></p>\n\n<ul>\n\t<li><code>0 &lt;= nums.length &lt;= 10<sup>5</sup></code></li>\n\t<li><code>-10<sup>9</sup>\u00a0&lt;= nums[i]\u00a0&lt;= 10<sup>9</sup></code></li>\n\t<li><code>nums</code> is a non-decreasing array.</li>\n\t<li><code>-10<sup>9</sup>\u00a0&lt;= target\u00a0&lt;= 10<sup>9</sup></code></li>\n</ul>\n</div></div>"}