{"ques_id": 35, "question_title": "Search Insert Position", "question_title_slug": "search-insert-position", "difficulty_level": 1, "description_html": "<div class=\"content__u3I1 question-content__JfgR\"><div><p>Given a sorted array of distinct integers and a target value, return the index if the target is found. If not, return the index where it would be if it were inserted in order.</p>\n\n<p>You must\u00a0write an algorithm with\u00a0<code>O(log n)</code> runtime complexity.</p>\n\n<p>\u00a0</p>\n<p><strong class=\"example\">Example 1:</strong></p>\n\n<pre><strong>Input:</strong> nums = [1,3,5,6], target = 5\n<strong>Output:</strong> 2\n</pre>\n\n<p><strong class=\"example\">Example 2:</strong></p>\n\n<pre><strong>Input:</strong> nums = [1,3,5,6], target = 2\n<strong>Output:</strong> 1\n</pre>\n\n<p><strong class=\"example\">Example 3:</strong></p>\n\n<pre><strong>Input:</strong> nums = [1,3,5,6], target = 7\n<strong>Output:</strong> 4\n</pre>\n\n<p>\u00a0</p>\n<p><strong>Constraints:</strong></p>\n\n<ul>\n\t<li><code>1 &lt;= nums.length &lt;= 10<sup>4</sup></code></li>\n\t<li><code>-10<sup>4</sup> &lt;= nums[i] &lt;= 10<sup>4</sup></code></li>\n\t<li><code>nums</code> contains <strong>distinct</strong> values sorted in <strong>ascending</strong> order.</li>\n\t<li><code>-10<sup>4</sup> &lt;= target &lt;= 10<sup>4</sup></code></li>\n</ul>\n</div></div>"}