{"ques_id": 36, "question_title": "Valid Sudoku", "question_title_slug": "valid-sudoku", "difficulty_level": 2, "description_html": "<div class=\"content__u3I1 question-content__JfgR\"><div><p>Determine if a\u00a0<code>9 x 9</code> Sudoku board\u00a0is valid.\u00a0Only the filled cells need to be validated\u00a0<strong>according to the following rules</strong>:</p>\n\n<ol>\n\t<li>Each row\u00a0must contain the\u00a0digits\u00a0<code>1-9</code> without repetition.</li>\n\t<li>Each column must contain the digits\u00a0<code>1-9</code>\u00a0without repetition.</li>\n\t<li>Each of the nine\u00a0<code>3 x 3</code> sub-boxes of the grid must contain the digits\u00a0<code>1-9</code>\u00a0without repetition.</li>\n</ol>\n\n<p><strong>Note:</strong></p>\n\n<ul>\n\t<li>A Sudoku board (partially filled) could be valid but is not necessarily solvable.</li>\n\t<li>Only the filled cells need to be validated according to the mentioned\u00a0rules.</li>\n</ul>\n\n<p>\u00a0</p>\n<p><strong class=\"example\">Example 1:</strong></p>\n<img src=\"https://upload.wikimedia.org/wikipedia/commons/thumb/f/ff/Sudoku-by-L2G-20050714.svg/250px-Sudoku-by-L2G-20050714.svg.png\" style=\"height:250px; width:250px\"/>\n<pre><strong>Input:</strong> board = \n[[\"5\",\"3\",\".\",\".\",\"7\",\".\",\".\",\".\",\".\"]\n,[\"6\",\".\",\".\",\"1\",\"9\",\"5\",\".\",\".\",\".\"]\n,[\".\",\"9\",\"8\",\".\",\".\",\".\",\".\",\"6\",\".\"]\n,[\"8\",\".\",\".\",\".\",\"6\",\".\",\".\",\".\",\"3\"]\n,[\"4\",\".\",\".\",\"8\",\".\",\"3\",\".\",\".\",\"1\"]\n,[\"7\",\".\",\".\",\".\",\"2\",\".\",\".\",\".\",\"6\"]\n,[\".\",\"6\",\".\",\".\",\".\",\".\",\"2\",\"8\",\".\"]\n,[\".\",\".\",\".\",\"4\",\"1\",\"9\",\".\",\".\",\"5\"]\n,[\".\",\".\",\".\",\".\",\"8\",\".\",\".\",\"7\",\"9\"]]\n<strong>Output:</strong> true\n</pre>\n\n<p><strong class=\"example\">Example 2:</strong></p>\n\n<pre><strong>Input:</strong> board = \n[[\"8\",\"3\",\".\",\".\",\"7\",\".\",\".\",\".\",\".\"]\n,[\"6\",\".\",\".\",\"1\",\"9\",\"5\",\".\",\".\",\".\"]\n,[\".\",\"9\",\"8\",\".\",\".\",\".\",\".\",\"6\",\".\"]\n,[\"8\",\".\",\".\",\".\",\"6\",\".\",\".\",\".\",\"3\"]\n,[\"4\",\".\",\".\",\"8\",\".\",\"3\",\".\",\".\",\"1\"]\n,[\"7\",\".\",\".\",\".\",\"2\",\".\",\".\",\".\",\"6\"]\n,[\".\",\"6\",\".\",\".\",\".\",\".\",\"2\",\"8\",\".\"]\n,[\".\",\".\",\".\",\"4\",\"1\",\"9\",\".\",\".\",\"5\"]\n,[\".\",\".\",\".\",\".\",\"8\",\".\",\".\",\"7\",\"9\"]]\n<strong>Output:</strong> false\n<strong>Explanation:</strong> Same as Example 1, except with the <strong>5</strong> in the top left corner being modified to <strong>8</strong>. Since there are two 8's in the top left 3x3 sub-box, it is invalid.\n</pre>\n\n<p>\u00a0</p>\n<p><strong>Constraints:</strong></p>\n\n<ul>\n\t<li><code>board.length == 9</code></li>\n\t<li><code>board[i].length == 9</code></li>\n\t<li><code>board[i][j]</code> is a digit <code>1-9</code> or <code>'.'</code>.</li>\n</ul>\n</div></div>"}