{"ques_id": 38, "question_title": "Count and Say", "question_title_slug": "count-and-say", "difficulty_level": 2, "description_html": "<div class=\"content__u3I1 question-content__JfgR\"><div><p>The <strong>count-and-say</strong> sequence is a sequence of digit strings defined by the recursive formula:</p>\n\n<ul>\n\t<li><code>countAndSay(1) = \"1\"</code></li>\n\t<li><code>countAndSay(n)</code> is the way you would \"say\" the digit string from <code>countAndSay(n-1)</code>, which is then converted into a different digit string.</li>\n</ul>\n\n<p>To determine how you \"say\" a digit string, split it into the <strong>minimal</strong> number of substrings such that each substring contains exactly <strong>one</strong> unique digit. Then for each substring, say the number of digits, then say the digit. Finally, concatenate every said digit.</p>\n\n<p>For example, the saying and conversion for digit string <code>\"3322251\"</code>:</p>\n<img alt=\"\" src=\"https://assets.leetcode.com/uploads/2020/10/23/countandsay.jpg\" style=\"width: 581px; height: 172px;\"/>\n<p>Given a positive integer <code>n</code>, return <em>the </em><code>n<sup>th</sup></code><em> term of the <strong>count-and-say</strong> sequence</em>.</p>\n\n<p>\u00a0</p>\n<p><strong class=\"example\">Example 1:</strong></p>\n\n<pre><strong>Input:</strong> n = 1\n<strong>Output:</strong> \"1\"\n<strong>Explanation:</strong> This is the base case.\n</pre>\n\n<p><strong class=\"example\">Example 2:</strong></p>\n\n<pre><strong>Input:</strong> n = 4\n<strong>Output:</strong> \"1211\"\n<strong>Explanation:</strong>\ncountAndSay(1) = \"1\"\ncountAndSay(2) = say \"1\" = one 1 = \"11\"\ncountAndSay(3) = say \"11\" = two 1's = \"21\"\ncountAndSay(4) = say \"21\" = one 2 + one 1 = \"12\" + \"11\" = \"1211\"\n</pre>\n\n<p>\u00a0</p>\n<p><strong>Constraints:</strong></p>\n\n<ul>\n\t<li><code>1 &lt;= n &lt;= 30</code></li>\n</ul>\n</div></div>"}