{"ques_id": 4, "question_title": "Median of Two Sorted Arrays", "question_title_slug": "median-of-two-sorted-arrays", "difficulty_level": 3, "description_html": "<div class=\"content__u3I1 question-content__JfgR\"><div><p>Given two sorted arrays <code>nums1</code> and <code>nums2</code> of size <code>m</code> and <code>n</code> respectively, return <strong>the median</strong> of the two sorted arrays.</p>\n\n<p>The overall run time complexity should be <code>O(log (m+n))</code>.</p>\n\n<p>\u00a0</p>\n<p><strong class=\"example\">Example 1:</strong></p>\n\n<pre><strong>Input:</strong> nums1 = [1,3], nums2 = [2]\n<strong>Output:</strong> 2.00000\n<strong>Explanation:</strong> merged array = [1,2,3] and median is 2.\n</pre>\n\n<p><strong class=\"example\">Example 2:</strong></p>\n\n<pre><strong>Input:</strong> nums1 = [1,2], nums2 = [3,4]\n<strong>Output:</strong> 2.50000\n<strong>Explanation:</strong> merged array = [1,2,3,4] and median is (2 + 3) / 2 = 2.5.\n</pre>\n\n<p>\u00a0</p>\n<p><strong>Constraints:</strong></p>\n\n<ul>\n\t<li><code>nums1.length == m</code></li>\n\t<li><code>nums2.length == n</code></li>\n\t<li><code>0 &lt;= m &lt;= 1000</code></li>\n\t<li><code>0 &lt;= n &lt;= 1000</code></li>\n\t<li><code>1 &lt;= m + n &lt;= 2000</code></li>\n\t<li><code>-10<sup>6</sup> &lt;= nums1[i], nums2[i] &lt;= 10<sup>6</sup></code></li>\n</ul>\n</div></div>"}