{"ques_id": 40, "question_title": "Combination Sum II", "question_title_slug": "combination-sum-ii", "difficulty_level": 2, "description_html": "<div class=\"content__u3I1 question-content__JfgR\"><div><p>Given a collection of candidate numbers (<code>candidates</code>) and a target number (<code>target</code>), find all unique combinations in <code>candidates</code>\u00a0where the candidate numbers sum to <code>target</code>.</p>\n\n<p>Each number in <code>candidates</code>\u00a0may only be used <strong>once</strong> in the combination.</p>\n\n<p><strong>Note:</strong>\u00a0The solution set must not contain duplicate combinations.</p>\n\n<p>\u00a0</p>\n<p><strong class=\"example\">Example 1:</strong></p>\n\n<pre><strong>Input:</strong> candidates = [10,1,2,7,6,1,5], target = 8\n<strong>Output:</strong> \n[\n[1,1,6],\n[1,2,5],\n[1,7],\n[2,6]\n]\n</pre>\n\n<p><strong class=\"example\">Example 2:</strong></p>\n\n<pre><strong>Input:</strong> candidates = [2,5,2,1,2], target = 5\n<strong>Output:</strong> \n[\n[1,2,2],\n[5]\n]\n</pre>\n\n<p>\u00a0</p>\n<p><strong>Constraints:</strong></p>\n\n<ul>\n\t<li><code>1 &lt;=\u00a0candidates.length &lt;= 100</code></li>\n\t<li><code>1 &lt;=\u00a0candidates[i] &lt;= 50</code></li>\n\t<li><code>1 &lt;= target &lt;= 30</code></li>\n</ul>\n</div></div>"}