{"ques_id": 41, "question_title": "First Missing Positive", "question_title_slug": "first-missing-positive", "difficulty_level": 3, "description_html": "<div class=\"content__u3I1 question-content__JfgR\"><div><p>Given an unsorted integer array <code>nums</code>, return the smallest missing positive integer.</p>\n\n<p>You must implement an algorithm that runs in <code>O(n)</code> time and uses constant extra space.</p>\n\n<p>\u00a0</p>\n<p><strong class=\"example\">Example 1:</strong></p>\n\n<pre><strong>Input:</strong> nums = [1,2,0]\n<strong>Output:</strong> 3\n<strong>Explanation:</strong> The numbers in the range [1,2] are all in the array.\n</pre>\n\n<p><strong class=\"example\">Example 2:</strong></p>\n\n<pre><strong>Input:</strong> nums = [3,4,-1,1]\n<strong>Output:</strong> 2\n<strong>Explanation:</strong> 1 is in the array but 2 is missing.\n</pre>\n\n<p><strong class=\"example\">Example 3:</strong></p>\n\n<pre><strong>Input:</strong> nums = [7,8,9,11,12]\n<strong>Output:</strong> 1\n<strong>Explanation:</strong> The smallest positive integer 1 is missing.\n</pre>\n\n<p>\u00a0</p>\n<p><strong>Constraints:</strong></p>\n\n<ul>\n\t<li><code>1 &lt;= nums.length &lt;= 10<sup>5</sup></code></li>\n\t<li><code>-2<sup>31</sup> &lt;= nums[i] &lt;= 2<sup>31</sup> - 1</code></li>\n</ul>\n</div></div>"}