{"ques_id": 42, "question_title": "Trapping Rain Water", "question_title_slug": "trapping-rain-water", "difficulty_level": 3, "description_html": "<div class=\"content__u3I1 question-content__JfgR\"><div><p>Given <code>n</code> non-negative integers representing an elevation map where the width of each bar is <code>1</code>, compute how much water it can trap after raining.</p>\n\n<p>\u00a0</p>\n<p><strong class=\"example\">Example 1:</strong></p>\n<img src=\"https://assets.leetcode.com/uploads/2018/10/22/rainwatertrap.png\" style=\"width: 412px; height: 161px;\"/>\n<pre><strong>Input:</strong> height = [0,1,0,2,1,0,1,3,2,1,2,1]\n<strong>Output:</strong> 6\n<strong>Explanation:</strong> The above elevation map (black section) is represented by array [0,1,0,2,1,0,1,3,2,1,2,1]. In this case, 6 units of rain water (blue section) are being trapped.\n</pre>\n\n<p><strong class=\"example\">Example 2:</strong></p>\n\n<pre><strong>Input:</strong> height = [4,2,0,3,2,5]\n<strong>Output:</strong> 9\n</pre>\n\n<p>\u00a0</p>\n<p><strong>Constraints:</strong></p>\n\n<ul>\n\t<li><code>n == height.length</code></li>\n\t<li><code>1 &lt;= n &lt;= 2 * 10<sup>4</sup></code></li>\n\t<li><code>0 &lt;= height[i] &lt;= 10<sup>5</sup></code></li>\n</ul>\n</div></div>"}