{"ques_id": 43, "question_title": "Multiply Strings", "question_title_slug": "multiply-strings", "difficulty_level": 2, "description_html": "<div class=\"content__u3I1 question-content__JfgR\"><div><p>Given two non-negative integers <code>num1</code> and <code>num2</code> represented as strings, return the product of <code>num1</code> and <code>num2</code>, also represented as a string.</p>\n\n<p><strong>Note:</strong>\u00a0You must not use any built-in BigInteger library or convert the inputs to integer directly.</p>\n\n<p>\u00a0</p>\n<p><strong class=\"example\">Example 1:</strong></p>\n<pre><strong>Input:</strong> num1 = \"2\", num2 = \"3\"\n<strong>Output:</strong> \"6\"\n</pre><p><strong class=\"example\">Example 2:</strong></p>\n<pre><strong>Input:</strong> num1 = \"123\", num2 = \"456\"\n<strong>Output:</strong> \"56088\"\n</pre>\n<p>\u00a0</p>\n<p><strong>Constraints:</strong></p>\n\n<ul>\n\t<li><code>1 &lt;= num1.length, num2.length &lt;= 200</code></li>\n\t<li><code>num1</code> and <code>num2</code> consist of digits only.</li>\n\t<li>Both <code>num1</code> and <code>num2</code>\u00a0do not contain any leading zero, except the number <code>0</code> itself.</li>\n</ul>\n</div></div>"}