{"ques_id": 46, "question_title": "Permutations", "question_title_slug": "permutations", "difficulty_level": 2, "description_html": "<div class=\"content__u3I1 question-content__JfgR\"><div><p>Given an array <code>nums</code> of distinct integers, return <em>all the possible permutations</em>. You can return the answer in <strong>any order</strong>.</p>\n\n<p>\u00a0</p>\n<p><strong class=\"example\">Example 1:</strong></p>\n<pre><strong>Input:</strong> nums = [1,2,3]\n<strong>Output:</strong> [[1,2,3],[1,3,2],[2,1,3],[2,3,1],[3,1,2],[3,2,1]]\n</pre><p><strong class=\"example\">Example 2:</strong></p>\n<pre><strong>Input:</strong> nums = [0,1]\n<strong>Output:</strong> [[0,1],[1,0]]\n</pre><p><strong class=\"example\">Example 3:</strong></p>\n<pre><strong>Input:</strong> nums = [1]\n<strong>Output:</strong> [[1]]\n</pre>\n<p>\u00a0</p>\n<p><strong>Constraints:</strong></p>\n\n<ul>\n\t<li><code>1 &lt;= nums.length &lt;= 6</code></li>\n\t<li><code>-10 &lt;= nums[i] &lt;= 10</code></li>\n\t<li>All the integers of <code>nums</code> are <strong>unique</strong>.</li>\n</ul>\n</div></div>"}