{"ques_id": 47, "question_title": "Permutations II", "question_title_slug": "permutations-ii", "difficulty_level": 2, "description_html": "<div class=\"content__u3I1 question-content__JfgR\"><div><p>Given a collection of numbers, <code>nums</code>,\u00a0that might contain duplicates, return <em>all possible unique permutations <strong>in any order</strong>.</em></p>\n\n<p>\u00a0</p>\n<p><strong class=\"example\">Example 1:</strong></p>\n\n<pre><strong>Input:</strong> nums = [1,1,2]\n<strong>Output:</strong>\n[[1,1,2],\n [1,2,1],\n [2,1,1]]\n</pre>\n\n<p><strong class=\"example\">Example 2:</strong></p>\n\n<pre><strong>Input:</strong> nums = [1,2,3]\n<strong>Output:</strong> [[1,2,3],[1,3,2],[2,1,3],[2,3,1],[3,1,2],[3,2,1]]\n</pre>\n\n<p>\u00a0</p>\n<p><strong>Constraints:</strong></p>\n\n<ul>\n\t<li><code>1 &lt;= nums.length &lt;= 8</code></li>\n\t<li><code>-10 &lt;= nums[i] &lt;= 10</code></li>\n</ul>\n</div></div>"}