{"ques_id": 49, "question_title": "Group Anagrams", "question_title_slug": "group-anagrams", "difficulty_level": 2, "description_html": "<div class=\"content__u3I1 question-content__JfgR\"><div><p>Given an array of strings <code>strs</code>, group <strong>the anagrams</strong> together. You can return the answer in <strong>any order</strong>.</p>\n\n<p>An <strong>Anagram</strong> is a word or phrase formed by rearranging the letters of a different word or phrase, typically using all the original letters exactly once.</p>\n\n<p>\u00a0</p>\n<p><strong class=\"example\">Example 1:</strong></p>\n<pre><strong>Input:</strong> strs = [\"eat\",\"tea\",\"tan\",\"ate\",\"nat\",\"bat\"]\n<strong>Output:</strong> [[\"bat\"],[\"nat\",\"tan\"],[\"ate\",\"eat\",\"tea\"]]\n</pre><p><strong class=\"example\">Example 2:</strong></p>\n<pre><strong>Input:</strong> strs = [\"\"]\n<strong>Output:</strong> [[\"\"]]\n</pre><p><strong class=\"example\">Example 3:</strong></p>\n<pre><strong>Input:</strong> strs = [\"a\"]\n<strong>Output:</strong> [[\"a\"]]\n</pre>\n<p>\u00a0</p>\n<p><strong>Constraints:</strong></p>\n\n<ul>\n\t<li><code>1 &lt;= strs.length &lt;= 10<sup>4</sup></code></li>\n\t<li><code>0 &lt;= strs[i].length &lt;= 100</code></li>\n\t<li><code>strs[i]</code> consists of lowercase English letters.</li>\n</ul>\n</div></div>"}