{"ques_id": 5, "question_title": "Longest Palindromic Substring", "question_title_slug": "longest-palindromic-substring", "difficulty_level": 2, "description_html": "<div class=\"content__u3I1 question-content__JfgR\"><div><p>Given a string <code>s</code>, return <em>the longest palindromic substring</em> in <code>s</code>.</p>\n\n<p>A string is called a palindrome string if the reverse of that string is the same as the original string.</p>\n\n<p>\u00a0</p>\n<p><strong class=\"example\">Example 1:</strong></p>\n\n<pre><strong>Input:</strong> s = \"babad\"\n<strong>Output:</strong> \"bab\"\n<strong>Explanation:</strong> \"aba\" is also a valid answer.\n</pre>\n\n<p><strong class=\"example\">Example 2:</strong></p>\n\n<pre><strong>Input:</strong> s = \"cbbd\"\n<strong>Output:</strong> \"bb\"\n</pre>\n\n<p>\u00a0</p>\n<p><strong>Constraints:</strong></p>\n\n<ul>\n\t<li><code>1 &lt;= s.length &lt;= 1000</code></li>\n\t<li><code>s</code> consist of only digits and English letters.</li>\n</ul>\n</div></div>"}