{"ques_id": 51, "question_title": "N-Queens", "question_title_slug": "n-queens", "difficulty_level": 3, "description_html": "<div class=\"content__u3I1 question-content__JfgR\"><div><p>The <strong>n-queens</strong> puzzle is the problem of placing <code>n</code> queens on an <code>n x n</code> chessboard such that no two queens attack each other.</p>\n\n<p>Given an integer <code>n</code>, return <em>all distinct solutions to the <strong>n-queens puzzle</strong></em>. You may return the answer in <strong>any order</strong>.</p>\n\n<p>Each solution contains a distinct board configuration of the n-queens' placement, where <code>'Q'</code> and <code>'.'</code> both indicate a queen and an empty space, respectively.</p>\n\n<p>\u00a0</p>\n<p><strong class=\"example\">Example 1:</strong></p>\n<img alt=\"\" src=\"https://assets.leetcode.com/uploads/2020/11/13/queens.jpg\" style=\"width: 600px; height: 268px;\"/>\n<pre><strong>Input:</strong> n = 4\n<strong>Output:</strong> [[\".Q..\",\"...Q\",\"Q...\",\"..Q.\"],[\"..Q.\",\"Q...\",\"...Q\",\".Q..\"]]\n<strong>Explanation:</strong> There exist two distinct solutions to the 4-queens puzzle as shown above\n</pre>\n\n<p><strong class=\"example\">Example 2:</strong></p>\n\n<pre><strong>Input:</strong> n = 1\n<strong>Output:</strong> [[\"Q\"]]\n</pre>\n\n<p>\u00a0</p>\n<p><strong>Constraints:</strong></p>\n\n<ul>\n\t<li><code>1 &lt;= n &lt;= 9</code></li>\n</ul>\n</div></div>"}