{"ques_id": 53, "question_title": "Maximum Subarray", "question_title_slug": "maximum-subarray", "difficulty_level": 2, "description_html": "<div class=\"content__u3I1 question-content__JfgR\"><div><p>Given an integer array <code>nums</code>, find the contiguous subarray (containing at least one number) which has the largest sum and return <em>its sum</em>.</p>\n\n<p>A <strong>subarray</strong> is a <strong>contiguous</strong> part of an array.</p>\n\n<p>\u00a0</p>\n<p><strong class=\"example\">Example 1:</strong></p>\n\n<pre><strong>Input:</strong> nums = [-2,1,-3,4,-1,2,1,-5,4]\n<strong>Output:</strong> 6\n<strong>Explanation:</strong> [4,-1,2,1] has the largest sum = 6.\n</pre>\n\n<p><strong class=\"example\">Example 2:</strong></p>\n\n<pre><strong>Input:</strong> nums = [1]\n<strong>Output:</strong> 1\n</pre>\n\n<p><strong class=\"example\">Example 3:</strong></p>\n\n<pre><strong>Input:</strong> nums = [5,4,-1,7,8]\n<strong>Output:</strong> 23\n</pre>\n\n<p>\u00a0</p>\n<p><strong>Constraints:</strong></p>\n\n<ul>\n\t<li><code>1 &lt;= nums.length &lt;= 10<sup>5</sup></code></li>\n\t<li><code>-10<sup>4</sup> &lt;= nums[i] &lt;= 10<sup>4</sup></code></li>\n</ul>\n\n<p>\u00a0</p>\n<p><strong>Follow up:</strong> If you have figured out the <code>O(n)</code> solution, try coding another solution using the <strong>divide and conquer</strong> approach, which is more subtle.</p>\n</div></div>"}