{"ques_id": 54, "question_title": "Spiral Matrix", "question_title_slug": "spiral-matrix", "difficulty_level": 2, "description_html": "<div class=\"content__u3I1 question-content__JfgR\"><div><p>Given an <code>m x n</code> <code>matrix</code>, return <em>all elements of the</em> <code>matrix</code> <em>in spiral order</em>.</p>\n\n<p>\u00a0</p>\n<p><strong class=\"example\">Example 1:</strong></p>\n<img alt=\"\" src=\"https://assets.leetcode.com/uploads/2020/11/13/spiral1.jpg\" style=\"width: 242px; height: 242px;\"/>\n<pre><strong>Input:</strong> matrix = [[1,2,3],[4,5,6],[7,8,9]]\n<strong>Output:</strong> [1,2,3,6,9,8,7,4,5]\n</pre>\n\n<p><strong class=\"example\">Example 2:</strong></p>\n<img alt=\"\" src=\"https://assets.leetcode.com/uploads/2020/11/13/spiral.jpg\" style=\"width: 322px; height: 242px;\"/>\n<pre><strong>Input:</strong> matrix = [[1,2,3,4],[5,6,7,8],[9,10,11,12]]\n<strong>Output:</strong> [1,2,3,4,8,12,11,10,9,5,6,7]\n</pre>\n\n<p>\u00a0</p>\n<p><strong>Constraints:</strong></p>\n\n<ul>\n\t<li><code>m == matrix.length</code></li>\n\t<li><code>n == matrix[i].length</code></li>\n\t<li><code>1 &lt;= m, n &lt;= 10</code></li>\n\t<li><code>-100 &lt;= matrix[i][j] &lt;= 100</code></li>\n</ul>\n</div></div>"}