{"ques_id": 55, "question_title": "Jump Game", "question_title_slug": "jump-game", "difficulty_level": 2, "description_html": "<div class=\"content__u3I1 question-content__JfgR\"><div><p>You are given an integer array <code>nums</code>. You are initially positioned at the array's <strong>first index</strong>, and each element in the array represents your maximum jump length at that position.</p>\n\n<p>Return <code>true</code><em> if you can reach the last index, or </em><code>false</code><em> otherwise</em>.</p>\n\n<p>\u00a0</p>\n<p><strong class=\"example\">Example 1:</strong></p>\n\n<pre><strong>Input:</strong> nums = [2,3,1,1,4]\n<strong>Output:</strong> true\n<strong>Explanation:</strong> Jump 1 step from index 0 to 1, then 3 steps to the last index.\n</pre>\n\n<p><strong class=\"example\">Example 2:</strong></p>\n\n<pre><strong>Input:</strong> nums = [3,2,1,0,4]\n<strong>Output:</strong> false\n<strong>Explanation:</strong> You will always arrive at index 3 no matter what. Its maximum jump length is 0, which makes it impossible to reach the last index.\n</pre>\n\n<p>\u00a0</p>\n<p><strong>Constraints:</strong></p>\n\n<ul>\n\t<li><code>1 &lt;= nums.length &lt;= 10<sup>4</sup></code></li>\n\t<li><code>0 &lt;= nums[i] &lt;= 10<sup>5</sup></code></li>\n</ul>\n</div></div>"}