{"ques_id": 56, "question_title": "Merge Intervals", "question_title_slug": "merge-intervals", "difficulty_level": 2, "description_html": "<div class=\"content__u3I1 question-content__JfgR\"><div><p>Given an array\u00a0of <code>intervals</code>\u00a0where <code>intervals[i] = [start<sub>i</sub>, end<sub>i</sub>]</code>, merge all overlapping intervals, and return <em>an array of the non-overlapping intervals that cover all the intervals in the input</em>.</p>\n\n<p>\u00a0</p>\n<p><strong class=\"example\">Example 1:</strong></p>\n\n<pre><strong>Input:</strong> intervals = [[1,3],[2,6],[8,10],[15,18]]\n<strong>Output:</strong> [[1,6],[8,10],[15,18]]\n<strong>Explanation:</strong> Since intervals [1,3] and [2,6] overlap, merge them into [1,6].\n</pre>\n\n<p><strong class=\"example\">Example 2:</strong></p>\n\n<pre><strong>Input:</strong> intervals = [[1,4],[4,5]]\n<strong>Output:</strong> [[1,5]]\n<strong>Explanation:</strong> Intervals [1,4] and [4,5] are considered overlapping.\n</pre>\n\n<p>\u00a0</p>\n<p><strong>Constraints:</strong></p>\n\n<ul>\n\t<li><code>1 &lt;= intervals.length &lt;= 10<sup>4</sup></code></li>\n\t<li><code>intervals[i].length == 2</code></li>\n\t<li><code>0 &lt;= start<sub>i</sub> &lt;= end<sub>i</sub> &lt;= 10<sup>4</sup></code></li>\n</ul>\n</div></div>"}