{"ques_id": 57, "question_title": "Insert Interval", "question_title_slug": "insert-interval", "difficulty_level": 2, "description_html": "<div class=\"content__u3I1 question-content__JfgR\"><div><p>You are given an array of non-overlapping intervals <code>intervals</code> where <code>intervals[i] = [start<sub>i</sub>, end<sub>i</sub>]</code> represent the start and the end of the <code>i<sup>th</sup></code> interval and <code>intervals</code> is sorted in ascending order by <code>start<sub>i</sub></code>. You are also given an interval <code>newInterval = [start, end]</code> that represents the start and end of another interval.</p>\n\n<p>Insert <code>newInterval</code> into <code>intervals</code> such that <code>intervals</code> is still sorted in ascending order by <code>start<sub>i</sub></code> and <code>intervals</code> still does not have any overlapping intervals (merge overlapping intervals if necessary).</p>\n\n<p>Return <code>intervals</code><em> after the insertion</em>.</p>\n\n<p>\u00a0</p>\n<p><strong class=\"example\">Example 1:</strong></p>\n\n<pre><strong>Input:</strong> intervals = [[1,3],[6,9]], newInterval = [2,5]\n<strong>Output:</strong> [[1,5],[6,9]]\n</pre>\n\n<p><strong class=\"example\">Example 2:</strong></p>\n\n<pre><strong>Input:</strong> intervals = [[1,2],[3,5],[6,7],[8,10],[12,16]], newInterval = [4,8]\n<strong>Output:</strong> [[1,2],[3,10],[12,16]]\n<strong>Explanation:</strong> Because the new interval [4,8] overlaps with [3,5],[6,7],[8,10].\n</pre>\n\n<p>\u00a0</p>\n<p><strong>Constraints:</strong></p>\n\n<ul>\n\t<li><code>0 &lt;= intervals.length &lt;= 10<sup>4</sup></code></li>\n\t<li><code>intervals[i].length == 2</code></li>\n\t<li><code>0 &lt;= start<sub>i</sub> &lt;= end<sub>i</sub> &lt;= 10<sup>5</sup></code></li>\n\t<li><code>intervals</code> is sorted by <code>start<sub>i</sub></code> in <strong>ascending</strong> order.</li>\n\t<li><code>newInterval.length == 2</code></li>\n\t<li><code>0 &lt;= start &lt;= end &lt;= 10<sup>5</sup></code></li>\n</ul>\n</div></div>"}