{"ques_id": 59, "question_title": "Spiral Matrix II", "question_title_slug": "spiral-matrix-ii", "difficulty_level": 2, "description_html": "<div class=\"content__u3I1 question-content__JfgR\"><div><p>Given a positive integer <code>n</code>, generate an <code>n x n</code> <code>matrix</code> filled with elements from <code>1</code> to <code>n<sup>2</sup></code> in spiral order.</p>\n\n<p>\u00a0</p>\n<p><strong class=\"example\">Example 1:</strong></p>\n<img alt=\"\" src=\"https://assets.leetcode.com/uploads/2020/11/13/spiraln.jpg\" style=\"width: 242px; height: 242px;\"/>\n<pre><strong>Input:</strong> n = 3\n<strong>Output:</strong> [[1,2,3],[8,9,4],[7,6,5]]\n</pre>\n\n<p><strong class=\"example\">Example 2:</strong></p>\n\n<pre><strong>Input:</strong> n = 1\n<strong>Output:</strong> [[1]]\n</pre>\n\n<p>\u00a0</p>\n<p><strong>Constraints:</strong></p>\n\n<ul>\n\t<li><code>1 &lt;= n &lt;= 20</code></li>\n</ul>\n</div></div>"}