{"ques_id": 6, "question_title": "Zigzag Conversion", "question_title_slug": "zigzag-conversion", "difficulty_level": 2, "description_html": "<div class=\"content__u3I1 question-content__JfgR\"><div><p>The string <code>\"PAYPALISHIRING\"</code> is written in a zigzag pattern on a given number of rows like this: (you may want to display this pattern in a fixed font for better legibility)</p>\n\n<pre>P   A   H   N\nA P L S I I G\nY   I   R\n</pre>\n\n<p>And then read line by line: <code>\"PAHNAPLSIIGYIR\"</code></p>\n\n<p>Write the code that will take a string and make this conversion given a number of rows:</p>\n\n<pre>string convert(string s, int numRows);\n</pre>\n\n<p>\u00a0</p>\n<p><strong class=\"example\">Example 1:</strong></p>\n\n<pre><strong>Input:</strong> s = \"PAYPALISHIRING\", numRows = 3\n<strong>Output:</strong> \"PAHNAPLSIIGYIR\"\n</pre>\n\n<p><strong class=\"example\">Example 2:</strong></p>\n\n<pre><strong>Input:</strong> s = \"PAYPALISHIRING\", numRows = 4\n<strong>Output:</strong> \"PINALSIGYAHRPI\"\n<strong>Explanation:</strong>\nP     I    N\nA   L S  I G\nY A   H R\nP     I\n</pre>\n\n<p><strong class=\"example\">Example 3:</strong></p>\n\n<pre><strong>Input:</strong> s = \"A\", numRows = 1\n<strong>Output:</strong> \"A\"\n</pre>\n\n<p>\u00a0</p>\n<p><strong>Constraints:</strong></p>\n\n<ul>\n\t<li><code>1 &lt;= s.length &lt;= 1000</code></li>\n\t<li><code>s</code> consists of English letters (lower-case and upper-case), <code>','</code> and <code>'.'</code>.</li>\n\t<li><code>1 &lt;= numRows &lt;= 1000</code></li>\n</ul>\n</div></div>"}