{"ques_id": 61, "question_title": "Rotate List", "question_title_slug": "rotate-list", "difficulty_level": 2, "description_html": "<div class=\"content__u3I1 question-content__JfgR\"><div><p>Given the <code>head</code> of a linked\u00a0list, rotate the list to the right by <code>k</code> places.</p>\n\n<p>\u00a0</p>\n<p><strong class=\"example\">Example 1:</strong></p>\n<img alt=\"\" src=\"https://assets.leetcode.com/uploads/2020/11/13/rotate1.jpg\" style=\"width: 450px; height: 191px;\"/>\n<pre><strong>Input:</strong> head = [1,2,3,4,5], k = 2\n<strong>Output:</strong> [4,5,1,2,3]\n</pre>\n\n<p><strong class=\"example\">Example 2:</strong></p>\n<img alt=\"\" src=\"https://assets.leetcode.com/uploads/2020/11/13/roate2.jpg\" style=\"width: 305px; height: 350px;\"/>\n<pre><strong>Input:</strong> head = [0,1,2], k = 4\n<strong>Output:</strong> [2,0,1]\n</pre>\n\n<p>\u00a0</p>\n<p><strong>Constraints:</strong></p>\n\n<ul>\n\t<li>The number of nodes in the list is in the range <code>[0, 500]</code>.</li>\n\t<li><code>-100 &lt;= Node.val &lt;= 100</code></li>\n\t<li><code>0 &lt;= k &lt;= 2 * 10<sup>9</sup></code></li>\n</ul>\n</div></div>"}