{"ques_id": 62, "question_title": "Unique Paths", "question_title_slug": "unique-paths", "difficulty_level": 2, "description_html": "<div class=\"content__u3I1 question-content__JfgR\"><div><p>There is a robot on an <code>m x n</code> grid. The robot is initially located at the <strong>top-left corner</strong> (i.e., <code>grid[0][0]</code>). The robot tries to move to the <strong>bottom-right corner</strong> (i.e., <code>grid[m - 1][n - 1]</code>). The robot can only move either down or right at any point in time.</p>\n\n<p>Given the two integers <code>m</code> and <code>n</code>, return <em>the number of possible unique paths that the robot can take to reach the bottom-right corner</em>.</p>\n\n<p>The test cases are generated so that the answer will be less than or equal to <code>2 * 10<sup>9</sup></code>.</p>\n\n<p>\u00a0</p>\n<p><strong class=\"example\">Example 1:</strong></p>\n<img src=\"https://assets.leetcode.com/uploads/2018/10/22/robot_maze.png\" style=\"width: 400px; height: 183px;\"/>\n<pre><strong>Input:</strong> m = 3, n = 7\n<strong>Output:</strong> 28\n</pre>\n\n<p><strong class=\"example\">Example 2:</strong></p>\n\n<pre><strong>Input:</strong> m = 3, n = 2\n<strong>Output:</strong> 3\n<strong>Explanation:</strong> From the top-left corner, there are a total of 3 ways to reach the bottom-right corner:\n1. Right -&gt; Down -&gt; Down\n2. Down -&gt; Down -&gt; Right\n3. Down -&gt; Right -&gt; Down\n</pre>\n\n<p>\u00a0</p>\n<p><strong>Constraints:</strong></p>\n\n<ul>\n\t<li><code>1 &lt;= m, n &lt;= 100</code></li>\n</ul>\n</div></div>"}