{"ques_id": 63, "question_title": "Unique Paths II", "question_title_slug": "unique-paths-ii", "difficulty_level": 2, "description_html": "<div class=\"content__u3I1 question-content__JfgR\"><div><p>You are given an <code>m x n</code> integer array <code>grid</code>. There is a robot initially located at the <b>top-left corner</b> (i.e., <code>grid[0][0]</code>). The robot tries to move to the <strong>bottom-right corner</strong> (i.e., <code>grid[m-1][n-1]</code>). The robot can only move either down or right at any point in time.</p>\n\n<p>An obstacle and space are marked as <code>1</code> or <code>0</code> respectively in <code>grid</code>. A path that the robot takes cannot include <strong>any</strong> square that is an obstacle.</p>\n\n<p>Return <em>the number of possible unique paths that the robot can take to reach the bottom-right corner</em>.</p>\n\n<p>The testcases are generated so that the answer will be less than or equal to <code>2 * 10<sup>9</sup></code>.</p>\n\n<p>\u00a0</p>\n<p><strong class=\"example\">Example 1:</strong></p>\n<img alt=\"\" src=\"https://assets.leetcode.com/uploads/2020/11/04/robot1.jpg\" style=\"width: 242px; height: 242px;\"/>\n<pre><strong>Input:</strong> obstacleGrid = [[0,0,0],[0,1,0],[0,0,0]]\n<strong>Output:</strong> 2\n<strong>Explanation:</strong> There is one obstacle in the middle of the 3x3 grid above.\nThere are two ways to reach the bottom-right corner:\n1. Right -&gt; Right -&gt; Down -&gt; Down\n2. Down -&gt; Down -&gt; Right -&gt; Right\n</pre>\n\n<p><strong class=\"example\">Example 2:</strong></p>\n<img alt=\"\" src=\"https://assets.leetcode.com/uploads/2020/11/04/robot2.jpg\" style=\"width: 162px; height: 162px;\"/>\n<pre><strong>Input:</strong> obstacleGrid = [[0,1],[0,0]]\n<strong>Output:</strong> 1\n</pre>\n\n<p>\u00a0</p>\n<p><strong>Constraints:</strong></p>\n\n<ul>\n\t<li><code>m == obstacleGrid.length</code></li>\n\t<li><code>n == obstacleGrid[i].length</code></li>\n\t<li><code>1 &lt;= m, n &lt;= 100</code></li>\n\t<li><code>obstacleGrid[i][j]</code> is <code>0</code> or <code>1</code>.</li>\n</ul>\n</div></div>"}