{"ques_id": 64, "question_title": "Minimum Path Sum", "question_title_slug": "minimum-path-sum", "difficulty_level": 2, "description_html": "<div class=\"content__u3I1 question-content__JfgR\"><div><p>Given a <code>m x n</code> <code>grid</code> filled with non-negative numbers, find a path from top left to bottom right, which minimizes the sum of all numbers along its path.</p>\n\n<p><strong>Note:</strong> You can only move either down or right at any point in time.</p>\n\n<p>\u00a0</p>\n<p><strong class=\"example\">Example 1:</strong></p>\n<img alt=\"\" src=\"https://assets.leetcode.com/uploads/2020/11/05/minpath.jpg\" style=\"width: 242px; height: 242px;\"/>\n<pre><strong>Input:</strong> grid = [[1,3,1],[1,5,1],[4,2,1]]\n<strong>Output:</strong> 7\n<strong>Explanation:</strong> Because the path 1 \u2192 3 \u2192 1 \u2192 1 \u2192 1 minimizes the sum.\n</pre>\n\n<p><strong class=\"example\">Example 2:</strong></p>\n\n<pre><strong>Input:</strong> grid = [[1,2,3],[4,5,6]]\n<strong>Output:</strong> 12\n</pre>\n\n<p>\u00a0</p>\n<p><strong>Constraints:</strong></p>\n\n<ul>\n\t<li><code>m == grid.length</code></li>\n\t<li><code>n == grid[i].length</code></li>\n\t<li><code>1 &lt;= m, n &lt;= 200</code></li>\n\t<li><code>0 &lt;= grid[i][j] &lt;= 100</code></li>\n</ul>\n</div></div>"}