{"ques_id": 65, "question_title": "Valid Number", "question_title_slug": "valid-number", "difficulty_level": 3, "description_html": "<div class=\"content__u3I1 question-content__JfgR\"><div><p>A <strong>valid number</strong> can be split up into these components (in order):</p>\n\n<ol>\n\t<li>A <strong>decimal number</strong> or an <strong>integer</strong>.</li>\n\t<li>(Optional) An <code>'e'</code> or <code>'E'</code>, followed by an <strong>integer</strong>.</li>\n</ol>\n\n<p>A <strong>decimal number</strong> can be split up into these components (in order):</p>\n\n<ol>\n\t<li>(Optional) A sign character (either <code>'+'</code> or <code>'-'</code>).</li>\n\t<li>One of the following formats:\n\t<ol>\n\t\t<li>One or more digits, followed by a dot <code>'.'</code>.</li>\n\t\t<li>One or more digits, followed by a dot <code>'.'</code>, followed by one or more digits.</li>\n\t\t<li>A dot <code>'.'</code>, followed by one or more digits.</li>\n\t</ol>\n\t</li>\n</ol>\n\n<p>An <strong>integer</strong> can be split up into these components (in order):</p>\n\n<ol>\n\t<li>(Optional) A sign character (either <code>'+'</code> or <code>'-'</code>).</li>\n\t<li>One or more digits.</li>\n</ol>\n\n<p>For example, all the following are valid numbers: <code>[\"2\", \"0089\", \"-0.1\", \"+3.14\", \"4.\", \"-.9\", \"2e10\", \"-90E3\", \"3e+7\", \"+6e-1\", \"53.5e93\", \"-123.456e789\"]</code>, while the following are not valid numbers: <code>[\"abc\", \"1a\", \"1e\", \"e3\", \"99e2.5\", \"--6\", \"-+3\", \"95a54e53\"]</code>.</p>\n\n<p>Given a string <code>s</code>, return <code>true</code><em> if </em><code>s</code><em> is a <strong>valid number</strong></em>.</p>\n\n<p>\u00a0</p>\n<p><strong class=\"example\">Example 1:</strong></p>\n\n<pre><strong>Input:</strong> s = \"0\"\n<strong>Output:</strong> true\n</pre>\n\n<p><strong class=\"example\">Example 2:</strong></p>\n\n<pre><strong>Input:</strong> s = \"e\"\n<strong>Output:</strong> false\n</pre>\n\n<p><strong class=\"example\">Example 3:</strong></p>\n\n<pre><strong>Input:</strong> s = \".\"\n<strong>Output:</strong> false\n</pre>\n\n<p>\u00a0</p>\n<p><strong>Constraints:</strong></p>\n\n<ul>\n\t<li><code>1 &lt;= s.length &lt;= 20</code></li>\n\t<li><code>s</code> consists of only English letters (both uppercase and lowercase), digits (<code>0-9</code>), plus <code>'+'</code>, minus <code>'-'</code>, or dot <code>'.'</code>.</li>\n</ul>\n</div></div>"}