{"ques_id": 66, "question_title": "Plus One", "question_title_slug": "plus-one", "difficulty_level": 1, "description_html": "<div class=\"content__u3I1 question-content__JfgR\"><div><p>You are given a <strong>large integer</strong> represented as an integer array <code>digits</code>, where each <code>digits[i]</code> is the <code>i<sup>th</sup></code> digit of the integer. The digits are ordered from most significant to least significant in left-to-right order. The large integer does not contain any leading <code>0</code>'s.</p>\n\n<p>Increment the large integer by one and return <em>the resulting array of digits</em>.</p>\n\n<p>\u00a0</p>\n<p><strong class=\"example\">Example 1:</strong></p>\n\n<pre><strong>Input:</strong> digits = [1,2,3]\n<strong>Output:</strong> [1,2,4]\n<strong>Explanation:</strong> The array represents the integer 123.\nIncrementing by one gives 123 + 1 = 124.\nThus, the result should be [1,2,4].\n</pre>\n\n<p><strong class=\"example\">Example 2:</strong></p>\n\n<pre><strong>Input:</strong> digits = [4,3,2,1]\n<strong>Output:</strong> [4,3,2,2]\n<strong>Explanation:</strong> The array represents the integer 4321.\nIncrementing by one gives 4321 + 1 = 4322.\nThus, the result should be [4,3,2,2].\n</pre>\n\n<p><strong class=\"example\">Example 3:</strong></p>\n\n<pre><strong>Input:</strong> digits = [9]\n<strong>Output:</strong> [1,0]\n<strong>Explanation:</strong> The array represents the integer 9.\nIncrementing by one gives 9 + 1 = 10.\nThus, the result should be [1,0].\n</pre>\n\n<p>\u00a0</p>\n<p><strong>Constraints:</strong></p>\n\n<ul>\n\t<li><code>1 &lt;= digits.length &lt;= 100</code></li>\n\t<li><code>0 &lt;= digits[i] &lt;= 9</code></li>\n\t<li><code>digits</code> does not contain any leading <code>0</code>'s.</li>\n</ul>\n</div></div>"}