{"ques_id": 67, "question_title": "Add Binary", "question_title_slug": "add-binary", "difficulty_level": 1, "description_html": "<div class=\"content__u3I1 question-content__JfgR\"><div><p>Given two binary strings <code>a</code> and <code>b</code>, return <em>their sum as a binary string</em>.</p>\n\n<p>\u00a0</p>\n<p><strong class=\"example\">Example 1:</strong></p>\n<pre><strong>Input:</strong> a = \"11\", b = \"1\"\n<strong>Output:</strong> \"100\"\n</pre><p><strong class=\"example\">Example 2:</strong></p>\n<pre><strong>Input:</strong> a = \"1010\", b = \"1011\"\n<strong>Output:</strong> \"10101\"\n</pre>\n<p>\u00a0</p>\n<p><strong>Constraints:</strong></p>\n\n<ul>\n\t<li><code>1 &lt;= a.length, b.length &lt;= 10<sup>4</sup></code></li>\n\t<li><code>a</code> and <code>b</code> consist\u00a0only of <code>'0'</code> or <code>'1'</code> characters.</li>\n\t<li>Each string does not contain leading zeros except for the zero itself.</li>\n</ul>\n</div></div>"}