{"ques_id": 68, "question_title": "Text Justification", "question_title_slug": "text-justification", "difficulty_level": 3, "description_html": "<div class=\"content__u3I1 question-content__JfgR\"><div><p>Given an array of strings <code>words</code> and a width <code>maxWidth</code>, format the text such that each line has exactly <code>maxWidth</code> characters and is fully (left and right) justified.</p>\n\n<p>You should pack your words in a greedy approach; that is, pack as many words as you can in each line. Pad extra spaces <code>' '</code> when necessary so that each line has exactly <code>maxWidth</code> characters.</p>\n\n<p>Extra spaces between words should be distributed as evenly as possible. If the number of spaces on a line does not divide evenly between words, the empty slots on the left will be assigned more spaces than the slots on the right.</p>\n\n<p>For the last line of text, it should be left-justified, and no extra space is inserted between words.</p>\n\n<p><strong>Note:</strong></p>\n\n<ul>\n\t<li>A word is defined as a character sequence consisting of non-space characters only.</li>\n\t<li>Each word's length is guaranteed to be greater than <code>0</code> and not exceed <code>maxWidth</code>.</li>\n\t<li>The input array <code>words</code> contains at least one word.</li>\n</ul>\n\n<p>\u00a0</p>\n<p><strong class=\"example\">Example 1:</strong></p>\n\n<pre><strong>Input:</strong> words = [\"This\", \"is\", \"an\", \"example\", \"of\", \"text\", \"justification.\"], maxWidth = 16\n<strong>Output:</strong>\n[\n\u00a0 \u00a0\"This \u00a0 \u00a0is \u00a0 \u00a0an\",\n\u00a0 \u00a0\"example \u00a0of text\",\n\u00a0 \u00a0\"justification. \u00a0\"\n]</pre>\n\n<p><strong class=\"example\">Example 2:</strong></p>\n\n<pre><strong>Input:</strong> words = [\"What\",\"must\",\"be\",\"acknowledgment\",\"shall\",\"be\"], maxWidth = 16\n<strong>Output:</strong>\n[\n\u00a0 \"What \u00a0 must \u00a0 be\",\n\u00a0 \"acknowledgment \u00a0\",\n\u00a0 \"shall be \u00a0 \u00a0 \u00a0 \u00a0\"\n]\n<strong>Explanation:</strong> Note that the last line is \"shall be    \" instead of \"shall     be\", because the last line must be left-justified instead of fully-justified.\nNote that the second line is also left-justified because it contains only one word.</pre>\n\n<p><strong class=\"example\">Example 3:</strong></p>\n\n<pre><strong>Input:</strong> words = [\"Science\",\"is\",\"what\",\"we\",\"understand\",\"well\",\"enough\",\"to\",\"explain\",\"to\",\"a\",\"computer.\",\"Art\",\"is\",\"everything\",\"else\",\"we\",\"do\"], maxWidth = 20\n<strong>Output:</strong>\n[\n\u00a0 \"Science \u00a0is \u00a0what we\",\n  \"understand \u00a0 \u00a0 \u00a0well\",\n\u00a0 \"enough to explain to\",\n\u00a0 \"a \u00a0computer. \u00a0Art is\",\n\u00a0 \"everything \u00a0else \u00a0we\",\n\u00a0 \"do \u00a0 \u00a0 \u00a0 \u00a0 \u00a0 \u00a0 \u00a0 \u00a0 \u00a0\"\n]</pre>\n\n<p>\u00a0</p>\n<p><strong>Constraints:</strong></p>\n\n<ul>\n\t<li><code>1 &lt;= words.length &lt;= 300</code></li>\n\t<li><code>1 &lt;= words[i].length &lt;= 20</code></li>\n\t<li><code>words[i]</code> consists of only English letters and symbols.</li>\n\t<li><code>1 &lt;= maxWidth &lt;= 100</code></li>\n\t<li><code>words[i].length &lt;= maxWidth</code></li>\n</ul>\n</div></div>"}