{"ques_id": 69, "question_title": "Sqrt(x)", "question_title_slug": "sqrtx", "difficulty_level": 1, "description_html": "<div class=\"content__u3I1 question-content__JfgR\"><div><p>Given a non-negative integer <code>x</code>, return <em>the square root of </em><code>x</code><em> rounded down to the nearest integer</em>. The returned integer should be <strong>non-negative</strong> as well.</p>\n\n<p>You <strong>must not use</strong> any built-in exponent function or operator.</p>\n\n<ul>\n\t<li>For example, do not use <code>pow(x, 0.5)</code> in c++ or <code>x ** 0.5</code> in python.</li>\n</ul>\n\n<p>\u00a0</p>\n<p><strong class=\"example\">Example 1:</strong></p>\n\n<pre><strong>Input:</strong> x = 4\n<strong>Output:</strong> 2\n<strong>Explanation:</strong> The square root of 4 is 2, so we return 2.\n</pre>\n\n<p><strong class=\"example\">Example 2:</strong></p>\n\n<pre><strong>Input:</strong> x = 8\n<strong>Output:</strong> 2\n<strong>Explanation:</strong> The square root of 8 is 2.82842..., and since we round it down to the nearest integer, 2 is returned.\n</pre>\n\n<p>\u00a0</p>\n<p><strong>Constraints:</strong></p>\n\n<ul>\n\t<li><code>0 &lt;= x &lt;= 2<sup>31</sup> - 1</code></li>\n</ul>\n</div></div>"}