{"ques_id": 7, "question_title": "Reverse Integer", "question_title_slug": "reverse-integer", "difficulty_level": 2, "description_html": "<div class=\"content__u3I1 question-content__JfgR\"><div><p>Given a signed 32-bit integer <code>x</code>, return <code>x</code><em> with its digits reversed</em>. If reversing <code>x</code> causes the value to go outside the signed 32-bit integer range <code>[-2<sup>31</sup>, 2<sup>31</sup> - 1]</code>, then return <code>0</code>.</p>\n\n<p><strong>Assume the environment does not allow you to store 64-bit integers (signed or unsigned).</strong></p>\n\n<p>\u00a0</p>\n<p><strong class=\"example\">Example 1:</strong></p>\n\n<pre><strong>Input:</strong> x = 123\n<strong>Output:</strong> 321\n</pre>\n\n<p><strong class=\"example\">Example 2:</strong></p>\n\n<pre><strong>Input:</strong> x = -123\n<strong>Output:</strong> -321\n</pre>\n\n<p><strong class=\"example\">Example 3:</strong></p>\n\n<pre><strong>Input:</strong> x = 120\n<strong>Output:</strong> 21\n</pre>\n\n<p>\u00a0</p>\n<p><strong>Constraints:</strong></p>\n\n<ul>\n\t<li><code>-2<sup>31</sup> &lt;= x &lt;= 2<sup>31</sup> - 1</code></li>\n</ul>\n</div></div>"}