{"ques_id": 70, "question_title": "Climbing Stairs", "question_title_slug": "climbing-stairs", "difficulty_level": 1, "description_html": "<div class=\"content__u3I1 question-content__JfgR\"><div><p>You are climbing a staircase. It takes <code>n</code> steps to reach the top.</p>\n\n<p>Each time you can either climb <code>1</code> or <code>2</code> steps. In how many distinct ways can you climb to the top?</p>\n\n<p>\u00a0</p>\n<p><strong class=\"example\">Example 1:</strong></p>\n\n<pre><strong>Input:</strong> n = 2\n<strong>Output:</strong> 2\n<strong>Explanation:</strong> There are two ways to climb to the top.\n1. 1 step + 1 step\n2. 2 steps\n</pre>\n\n<p><strong class=\"example\">Example 2:</strong></p>\n\n<pre><strong>Input:</strong> n = 3\n<strong>Output:</strong> 3\n<strong>Explanation:</strong> There are three ways to climb to the top.\n1. 1 step + 1 step + 1 step\n2. 1 step + 2 steps\n3. 2 steps + 1 step\n</pre>\n\n<p>\u00a0</p>\n<p><strong>Constraints:</strong></p>\n\n<ul>\n\t<li><code>1 &lt;= n &lt;= 45</code></li>\n</ul>\n</div></div>"}