{"ques_id": 71, "question_title": "Simplify Path", "question_title_slug": "simplify-path", "difficulty_level": 2, "description_html": "<div class=\"content__u3I1 question-content__JfgR\"><div><p>Given a string <code>path</code>, which is an <strong>absolute path</strong> (starting with a slash <code>'/'</code>) to a file or directory in a Unix-style file system, convert it to the simplified <strong>canonical path</strong>.</p>\n\n<p>In a Unix-style file system, a period <code>'.'</code> refers to the current directory, a double period <code>'..'</code> refers to the directory up a level, and any multiple consecutive slashes (i.e. <code>'//'</code>) are treated as a single slash <code>'/'</code>. For this problem, any other format of periods such as <code>'...'</code> are treated as file/directory names.</p>\n\n<p>The <strong>canonical path</strong> should have the following format:</p>\n\n<ul>\n\t<li>The path starts with a single slash <code>'/'</code>.</li>\n\t<li>Any two directories are separated by a single slash <code>'/'</code>.</li>\n\t<li>The path does not end with a trailing <code>'/'</code>.</li>\n\t<li>The path only contains the directories on the path from the root directory to the target file or directory (i.e., no period <code>'.'</code> or double period <code>'..'</code>)</li>\n</ul>\n\n<p>Return <em>the simplified <strong>canonical path</strong></em>.</p>\n\n<p>\u00a0</p>\n<p><strong class=\"example\">Example 1:</strong></p>\n\n<pre><strong>Input:</strong> path = \"/home/\"\n<strong>Output:</strong> \"/home\"\n<strong>Explanation:</strong> Note that there is no trailing slash after the last directory name.\n</pre>\n\n<p><strong class=\"example\">Example 2:</strong></p>\n\n<pre><strong>Input:</strong> path = \"/../\"\n<strong>Output:</strong> \"/\"\n<strong>Explanation:</strong> Going one level up from the root directory is a no-op, as the root level is the highest level you can go.\n</pre>\n\n<p><strong class=\"example\">Example 3:</strong></p>\n\n<pre><strong>Input:</strong> path = \"/home//foo/\"\n<strong>Output:</strong> \"/home/foo\"\n<strong>Explanation:</strong> In the canonical path, multiple consecutive slashes are replaced by a single one.\n</pre>\n\n<p>\u00a0</p>\n<p><strong>Constraints:</strong></p>\n\n<ul>\n\t<li><code>1 &lt;= path.length &lt;= 3000</code></li>\n\t<li><code>path</code> consists of English letters, digits, period <code>'.'</code>, slash <code>'/'</code> or <code>'_'</code>.</li>\n\t<li><code>path</code> is a valid absolute Unix path.</li>\n</ul>\n</div></div>"}