{"ques_id": 72, "question_title": "Edit Distance", "question_title_slug": "edit-distance", "difficulty_level": 3, "description_html": "<div class=\"content__u3I1 question-content__JfgR\"><div><p>Given two strings <code>word1</code> and <code>word2</code>, return <em>the minimum number of operations required to convert <code>word1</code> to <code>word2</code></em>.</p>\n\n<p>You have the following three operations permitted on a word:</p>\n\n<ul>\n\t<li>Insert a character</li>\n\t<li>Delete a character</li>\n\t<li>Replace a character</li>\n</ul>\n\n<p>\u00a0</p>\n<p><strong class=\"example\">Example 1:</strong></p>\n\n<pre><strong>Input:</strong> word1 = \"horse\", word2 = \"ros\"\n<strong>Output:</strong> 3\n<strong>Explanation:</strong> \nhorse -&gt; rorse (replace 'h' with 'r')\nrorse -&gt; rose (remove 'r')\nrose -&gt; ros (remove 'e')\n</pre>\n\n<p><strong class=\"example\">Example 2:</strong></p>\n\n<pre><strong>Input:</strong> word1 = \"intention\", word2 = \"execution\"\n<strong>Output:</strong> 5\n<strong>Explanation:</strong> \nintention -&gt; inention (remove 't')\ninention -&gt; enention (replace 'i' with 'e')\nenention -&gt; exention (replace 'n' with 'x')\nexention -&gt; exection (replace 'n' with 'c')\nexection -&gt; execution (insert 'u')\n</pre>\n\n<p>\u00a0</p>\n<p><strong>Constraints:</strong></p>\n\n<ul>\n\t<li><code>0 &lt;= word1.length, word2.length &lt;= 500</code></li>\n\t<li><code>word1</code> and <code>word2</code> consist of lowercase English letters.</li>\n</ul>\n</div></div>"}