{"ques_id": 74, "question_title": "Search a 2D Matrix", "question_title_slug": "search-a-2d-matrix", "difficulty_level": 2, "description_html": "<div class=\"content__u3I1 question-content__JfgR\"><div><p>Write an efficient algorithm that searches for a value <code>target</code> in an <code>m x n</code> integer matrix <code>matrix</code>. This matrix has the following properties:</p>\n\n<ul>\n\t<li>Integers in each row are sorted from left to right.</li>\n\t<li>The first integer of each row is greater than the last integer of the previous row.</li>\n</ul>\n\n<p>\u00a0</p>\n<p><strong class=\"example\">Example 1:</strong></p>\n<img alt=\"\" src=\"https://assets.leetcode.com/uploads/2020/10/05/mat.jpg\" style=\"width: 322px; height: 242px;\"/>\n<pre><strong>Input:</strong> matrix = [[1,3,5,7],[10,11,16,20],[23,30,34,60]], target = 3\n<strong>Output:</strong> true\n</pre>\n\n<p><strong class=\"example\">Example 2:</strong></p>\n<img alt=\"\" src=\"https://assets.leetcode.com/uploads/2020/10/05/mat2.jpg\" style=\"width: 322px; height: 242px;\"/>\n<pre><strong>Input:</strong> matrix = [[1,3,5,7],[10,11,16,20],[23,30,34,60]], target = 13\n<strong>Output:</strong> false\n</pre>\n\n<p>\u00a0</p>\n<p><strong>Constraints:</strong></p>\n\n<ul>\n\t<li><code>m == matrix.length</code></li>\n\t<li><code>n == matrix[i].length</code></li>\n\t<li><code>1 &lt;= m, n &lt;= 100</code></li>\n\t<li><code>-10<sup>4</sup> &lt;= matrix[i][j], target &lt;= 10<sup>4</sup></code></li>\n</ul>\n</div></div>"}