{"ques_id": 75, "question_title": "Sort Colors", "question_title_slug": "sort-colors", "difficulty_level": 2, "description_html": "<div class=\"content__u3I1 question-content__JfgR\"><div><p>Given an array <code>nums</code> with <code>n</code> objects colored red, white, or blue, sort them <strong><a href=\"https://en.wikipedia.org/wiki/In-place_algorithm\" target=\"_blank\">in-place</a> </strong>so that objects of the same color are adjacent, with the colors in the order red, white, and blue.</p>\n\n<p>We will use the integers <code>0</code>, <code>1</code>, and <code>2</code> to represent the color red, white, and blue, respectively.</p>\n\n<p>You must solve this problem without using the library's sort function.</p>\n\n<p>\u00a0</p>\n<p><strong class=\"example\">Example 1:</strong></p>\n\n<pre><strong>Input:</strong> nums = [2,0,2,1,1,0]\n<strong>Output:</strong> [0,0,1,1,2,2]\n</pre>\n\n<p><strong class=\"example\">Example 2:</strong></p>\n\n<pre><strong>Input:</strong> nums = [2,0,1]\n<strong>Output:</strong> [0,1,2]\n</pre>\n\n<p>\u00a0</p>\n<p><strong>Constraints:</strong></p>\n\n<ul>\n\t<li><code>n == nums.length</code></li>\n\t<li><code>1 &lt;= n &lt;= 300</code></li>\n\t<li><code>nums[i]</code> is either <code>0</code>, <code>1</code>, or <code>2</code>.</li>\n</ul>\n\n<p>\u00a0</p>\n<p><strong>Follow up:</strong>\u00a0Could you come up with a one-pass algorithm using only\u00a0constant extra space?</p>\n</div></div>"}