{"ques_id": 76, "question_title": "Minimum Window Substring", "question_title_slug": "minimum-window-substring", "difficulty_level": 3, "description_html": "<div class=\"content__u3I1 question-content__JfgR\"><div><p>Given two strings <code>s</code> and <code>t</code> of lengths <code>m</code> and <code>n</code> respectively, return <em>the <strong>minimum window substring</strong> of </em><code>s</code><em> such that every character in </em><code>t</code><em> (<strong>including duplicates</strong>) is included in the window. If there is no such substring</em><em>, return the empty string </em><code>\"\"</code><em>.</em></p>\n\n<p>The testcases will be generated such that the answer is <strong>unique</strong>.</p>\n\n<p>A <strong>substring</strong> is a contiguous sequence of characters within the string.</p>\n\n<p>\u00a0</p>\n<p><strong class=\"example\">Example 1:</strong></p>\n\n<pre><strong>Input:</strong> s = \"ADOBECODEBANC\", t = \"ABC\"\n<strong>Output:</strong> \"BANC\"\n<strong>Explanation:</strong> The minimum window substring \"BANC\" includes 'A', 'B', and 'C' from string t.\n</pre>\n\n<p><strong class=\"example\">Example 2:</strong></p>\n\n<pre><strong>Input:</strong> s = \"a\", t = \"a\"\n<strong>Output:</strong> \"a\"\n<strong>Explanation:</strong> The entire string s is the minimum window.\n</pre>\n\n<p><strong class=\"example\">Example 3:</strong></p>\n\n<pre><strong>Input:</strong> s = \"a\", t = \"aa\"\n<strong>Output:</strong> \"\"\n<strong>Explanation:</strong> Both 'a's from t must be included in the window.\nSince the largest window of s only has one 'a', return empty string.\n</pre>\n\n<p>\u00a0</p>\n<p><strong>Constraints:</strong></p>\n\n<ul>\n\t<li><code>m == s.length</code></li>\n\t<li><code>n == t.length</code></li>\n\t<li><code>1 &lt;= m, n\u00a0&lt;= 10<sup>5</sup></code></li>\n\t<li><code>s</code> and <code>t</code> consist of uppercase and lowercase English letters.</li>\n</ul>\n\n<p>\u00a0</p>\n<p><strong>Follow up:</strong> Could you find an algorithm that runs in <code>O(m + n)</code> time?</p>\n</div></div>"}