{"ques_id": 77, "question_title": "Combinations", "question_title_slug": "combinations", "difficulty_level": 2, "description_html": "<div class=\"content__u3I1 question-content__JfgR\"><div><p>Given two integers <code>n</code> and <code>k</code>, return <em>all possible combinations of</em> <code>k</code> <em>numbers chosen from the range</em> <code>[1, n]</code>.</p>\n\n<p>You may return the answer in <strong>any order</strong>.</p>\n\n<p>\u00a0</p>\n<p><strong class=\"example\">Example 1:</strong></p>\n\n<pre><strong>Input:</strong> n = 4, k = 2\n<strong>Output:</strong> [[1,2],[1,3],[1,4],[2,3],[2,4],[3,4]]\n<strong>Explanation:</strong> There are 4 choose 2 = 6 total combinations.\nNote that combinations are unordered, i.e., [1,2] and [2,1] are considered to be the same combination.\n</pre>\n\n<p><strong class=\"example\">Example 2:</strong></p>\n\n<pre><strong>Input:</strong> n = 1, k = 1\n<strong>Output:</strong> [[1]]\n<strong>Explanation:</strong> There is 1 choose 1 = 1 total combination.\n</pre>\n\n<p>\u00a0</p>\n<p><strong>Constraints:</strong></p>\n\n<ul>\n\t<li><code>1 &lt;= n &lt;= 20</code></li>\n\t<li><code>1 &lt;= k &lt;= n</code></li>\n</ul>\n</div></div>"}