{"ques_id": 78, "question_title": "Subsets", "question_title_slug": "subsets", "difficulty_level": 2, "description_html": "<div class=\"content__u3I1 question-content__JfgR\"><div><p>Given an integer array <code>nums</code> of <strong>unique</strong> elements, return <em>all possible subsets (the power set)</em>.</p>\n\n<p>The solution set <strong>must not</strong> contain duplicate subsets. Return the solution in <strong>any order</strong>.</p>\n\n<p>\u00a0</p>\n<p><strong class=\"example\">Example 1:</strong></p>\n\n<pre><strong>Input:</strong> nums = [1,2,3]\n<strong>Output:</strong> [[],[1],[2],[1,2],[3],[1,3],[2,3],[1,2,3]]\n</pre>\n\n<p><strong class=\"example\">Example 2:</strong></p>\n\n<pre><strong>Input:</strong> nums = [0]\n<strong>Output:</strong> [[],[0]]\n</pre>\n\n<p>\u00a0</p>\n<p><strong>Constraints:</strong></p>\n\n<ul>\n\t<li><code>1 &lt;= nums.length &lt;= 10</code></li>\n\t<li><code>-10 &lt;= nums[i] &lt;= 10</code></li>\n\t<li>All the numbers of\u00a0<code>nums</code> are <strong>unique</strong>.</li>\n</ul>\n</div></div>"}