{"ques_id": 8, "question_title": "String to Integer (atoi)", "question_title_slug": "string-to-integer-atoi", "difficulty_level": 2, "description_html": "<div class=\"content__u3I1 question-content__JfgR\"><div><p>Implement the <code>myAtoi(string s)</code> function, which converts a string to a 32-bit signed integer (similar to C/C++'s <code>atoi</code> function).</p>\n\n<p>The algorithm for <code>myAtoi(string s)</code> is as follows:</p>\n\n<ol>\n\t<li>Read in and ignore any leading whitespace.</li>\n\t<li>Check if the next character (if not already at the end of the string) is <code>'-'</code> or <code>'+'</code>. Read this character in if it is either. This determines if the final result is negative or positive respectively. Assume the result is positive if neither is present.</li>\n\t<li>Read in next the characters until the next non-digit character or the end of the input is reached. The rest of the string is ignored.</li>\n\t<li>Convert these digits into an integer (i.e. <code>\"123\" -&gt; 123</code>, <code>\"0032\" -&gt; 32</code>). If no digits were read, then the integer is <code>0</code>. Change the sign as necessary (from step 2).</li>\n\t<li>If the integer is out of the 32-bit signed integer range <code>[-2<sup>31</sup>, 2<sup>31</sup> - 1]</code>, then clamp the integer so that it remains in the range. Specifically, integers less than <code>-2<sup>31</sup></code> should be clamped to <code>-2<sup>31</sup></code>, and integers greater than <code>2<sup>31</sup> - 1</code> should be clamped to <code>2<sup>31</sup> - 1</code>.</li>\n\t<li>Return the integer as the final result.</li>\n</ol>\n\n<p><strong>Note:</strong></p>\n\n<ul>\n\t<li>Only the space character <code>' '</code> is considered a whitespace character.</li>\n\t<li><strong>Do not ignore</strong> any characters other than the leading whitespace or the rest of the string after the digits.</li>\n</ul>\n\n<p>\u00a0</p>\n<p><strong class=\"example\">Example 1:</strong></p>\n\n<pre><strong>Input:</strong> s = \"42\"\n<strong>Output:</strong> 42\n<strong>Explanation:</strong> The underlined characters are what is read in, the caret is the current reader position.\nStep 1: \"42\" (no characters read because there is no leading whitespace)\n         ^\nStep 2: \"42\" (no characters read because there is neither a '-' nor '+')\n         ^\nStep 3: \"<u>42</u>\" (\"42\" is read in)\n           ^\nThe parsed integer is 42.\nSince 42 is in the range [-2<sup>31</sup>, 2<sup>31</sup> - 1], the final result is 42.\n</pre>\n\n<p><strong class=\"example\">Example 2:</strong></p>\n\n<pre><strong>Input:</strong> s = \"   -42\"\n<strong>Output:</strong> -42\n<strong>Explanation:</strong>\nStep 1: \"<u>   </u>-42\" (leading whitespace is read and ignored)\n            ^\nStep 2: \"   <u>-</u>42\" ('-' is read, so the result should be negative)\n             ^\nStep 3: \"   -<u>42</u>\" (\"42\" is read in)\n               ^\nThe parsed integer is -42.\nSince -42 is in the range [-2<sup>31</sup>, 2<sup>31</sup> - 1], the final result is -42.\n</pre>\n\n<p><strong class=\"example\">Example 3:</strong></p>\n\n<pre><strong>Input:</strong> s = \"4193 with words\"\n<strong>Output:</strong> 4193\n<strong>Explanation:</strong>\nStep 1: \"4193 with words\" (no characters read because there is no leading whitespace)\n         ^\nStep 2: \"4193 with words\" (no characters read because there is neither a '-' nor '+')\n         ^\nStep 3: \"<u>4193</u> with words\" (\"4193\" is read in; reading stops because the next character is a non-digit)\n             ^\nThe parsed integer is 4193.\nSince 4193 is in the range [-2<sup>31</sup>, 2<sup>31</sup> - 1], the final result is 4193.\n</pre>\n\n<p>\u00a0</p>\n<p><strong>Constraints:</strong></p>\n\n<ul>\n\t<li><code>0 &lt;= s.length &lt;= 200</code></li>\n\t<li><code>s</code> consists of English letters (lower-case and upper-case), digits (<code>0-9</code>), <code>' '</code>, <code>'+'</code>, <code>'-'</code>, and <code>'.'</code>.</li>\n</ul>\n</div></div>"}