{"ques_id": 81, "question_title": "Search in Rotated Sorted Array II", "question_title_slug": "search-in-rotated-sorted-array-ii", "difficulty_level": 2, "description_html": "<div class=\"content__u3I1 question-content__JfgR\"><div><p>There is an integer array <code>nums</code> sorted in non-decreasing order (not necessarily with <strong>distinct</strong> values).</p>\n\n<p>Before being passed to your function, <code>nums</code> is <strong>rotated</strong> at an unknown pivot index <code>k</code> (<code>0 &lt;= k &lt; nums.length</code>) such that the resulting array is <code>[nums[k], nums[k+1], ..., nums[n-1], nums[0], nums[1], ..., nums[k-1]]</code> (<strong>0-indexed</strong>). For example, <code>[0,1,2,4,4,4,5,6,6,7]</code> might be rotated at pivot index <code>5</code> and become <code>[4,5,6,6,7,0,1,2,4,4]</code>.</p>\n\n<p>Given the array <code>nums</code> <strong>after</strong> the rotation and an integer <code>target</code>, return <code>true</code><em> if </em><code>target</code><em> is in </em><code>nums</code><em>, or </em><code>false</code><em> if it is not in </em><code>nums</code><em>.</em></p>\n\n<p>You must decrease the overall operation steps as much as possible.</p>\n\n<p>\u00a0</p>\n<p><strong class=\"example\">Example 1:</strong></p>\n<pre><strong>Input:</strong> nums = [2,5,6,0,0,1,2], target = 0\n<strong>Output:</strong> true\n</pre><p><strong class=\"example\">Example 2:</strong></p>\n<pre><strong>Input:</strong> nums = [2,5,6,0,0,1,2], target = 3\n<strong>Output:</strong> false\n</pre>\n<p>\u00a0</p>\n<p><strong>Constraints:</strong></p>\n\n<ul>\n\t<li><code>1 &lt;= nums.length &lt;= 5000</code></li>\n\t<li><code>-10<sup>4</sup> &lt;= nums[i] &lt;= 10<sup>4</sup></code></li>\n\t<li><code>nums</code> is guaranteed to be rotated at some pivot.</li>\n\t<li><code>-10<sup>4</sup> &lt;= target &lt;= 10<sup>4</sup></code></li>\n</ul>\n\n<p>\u00a0</p>\n<p><strong>Follow up:</strong> This problem is similar to\u00a0<a href=\"/problems/search-in-rotated-sorted-array/description/\" target=\"_blank\">Search in Rotated Sorted Array</a>, but\u00a0<code>nums</code> may contain <strong>duplicates</strong>. Would this affect the runtime complexity? How and why?</p>\n</div></div>"}