{"ques_id": 82, "question_title": "Remove Duplicates from Sorted List II", "question_title_slug": "remove-duplicates-from-sorted-list-ii", "difficulty_level": 2, "description_html": "<div class=\"content__u3I1 question-content__JfgR\"><div><p>Given the <code>head</code> of a sorted linked list, <em>delete all nodes that have duplicate numbers, leaving only distinct numbers from the original list</em>. Return <em>the linked list <strong>sorted</strong> as well</em>.</p>\n\n<p>\u00a0</p>\n<p><strong class=\"example\">Example 1:</strong></p>\n<img alt=\"\" src=\"https://assets.leetcode.com/uploads/2021/01/04/linkedlist1.jpg\" style=\"width: 500px; height: 142px;\"/>\n<pre><strong>Input:</strong> head = [1,2,3,3,4,4,5]\n<strong>Output:</strong> [1,2,5]\n</pre>\n\n<p><strong class=\"example\">Example 2:</strong></p>\n<img alt=\"\" src=\"https://assets.leetcode.com/uploads/2021/01/04/linkedlist2.jpg\" style=\"width: 500px; height: 205px;\"/>\n<pre><strong>Input:</strong> head = [1,1,1,2,3]\n<strong>Output:</strong> [2,3]\n</pre>\n\n<p>\u00a0</p>\n<p><strong>Constraints:</strong></p>\n\n<ul>\n\t<li>The number of nodes in the list is in the range <code>[0, 300]</code>.</li>\n\t<li><code>-100 &lt;= Node.val &lt;= 100</code></li>\n\t<li>The list is guaranteed to be <strong>sorted</strong> in ascending order.</li>\n</ul>\n</div></div>"}