{"ques_id": 84, "question_title": "Largest Rectangle in Histogram", "question_title_slug": "largest-rectangle-in-histogram", "difficulty_level": 3, "description_html": "<div class=\"content__u3I1 question-content__JfgR\"><div><p>Given an array of integers <code>heights</code> representing the histogram's bar height where the width of each bar is <code>1</code>, return <em>the area of the largest rectangle in the histogram</em>.</p>\n\n<p>\u00a0</p>\n<p><strong class=\"example\">Example 1:</strong></p>\n<img alt=\"\" src=\"https://assets.leetcode.com/uploads/2021/01/04/histogram.jpg\" style=\"width: 522px; height: 242px;\"/>\n<pre><strong>Input:</strong> heights = [2,1,5,6,2,3]\n<strong>Output:</strong> 10\n<strong>Explanation:</strong> The above is a histogram where width of each bar is 1.\nThe largest rectangle is shown in the red area, which has an area = 10 units.\n</pre>\n\n<p><strong class=\"example\">Example 2:</strong></p>\n<img alt=\"\" src=\"https://assets.leetcode.com/uploads/2021/01/04/histogram-1.jpg\" style=\"width: 202px; height: 362px;\"/>\n<pre><strong>Input:</strong> heights = [2,4]\n<strong>Output:</strong> 4\n</pre>\n\n<p>\u00a0</p>\n<p><strong>Constraints:</strong></p>\n\n<ul>\n\t<li><code>1 &lt;= heights.length &lt;= 10<sup>5</sup></code></li>\n\t<li><code>0 &lt;= heights[i] &lt;= 10<sup>4</sup></code></li>\n</ul>\n</div></div>"}