{"ques_id": 87, "question_title": "Scramble String", "question_title_slug": "scramble-string", "difficulty_level": 3, "description_html": "<div class=\"content__u3I1 question-content__JfgR\"><div><p>We can scramble a string s to get a string t using the following algorithm:</p>\n\n<ol>\n\t<li>If the length of the string is 1, stop.</li>\n\t<li>If the length of the string is &gt; 1, do the following:\n\t<ul>\n\t\t<li>Split the string into two non-empty substrings at a random index, i.e., if the string is <code>s</code>, divide it to <code>x</code> and <code>y</code> where <code>s = x + y</code>.</li>\n\t\t<li><strong>Randomly</strong>\u00a0decide to swap the two substrings or to keep them in the same order. i.e., after this step, <code>s</code> may become <code>s = x + y</code> or <code>s = y + x</code>.</li>\n\t\t<li>Apply step 1 recursively on each of the two substrings <code>x</code> and <code>y</code>.</li>\n\t</ul>\n\t</li>\n</ol>\n\n<p>Given two strings <code>s1</code> and <code>s2</code> of <strong>the same length</strong>, return <code>true</code> if <code>s2</code> is a scrambled string of <code>s1</code>, otherwise, return <code>false</code>.</p>\n\n<p>\u00a0</p>\n<p><strong class=\"example\">Example 1:</strong></p>\n\n<pre><strong>Input:</strong> s1 = \"great\", s2 = \"rgeat\"\n<strong>Output:</strong> true\n<strong>Explanation:</strong> One possible scenario applied on s1 is:\n\"great\" --&gt; \"gr/eat\" // divide at random index.\n\"gr/eat\" --&gt; \"gr/eat\" // random decision is not to swap the two substrings and keep them in order.\n\"gr/eat\" --&gt; \"g/r / e/at\" // apply the same algorithm recursively on both substrings. divide at random index each of them.\n\"g/r / e/at\" --&gt; \"r/g / e/at\" // random decision was to swap the first substring and to keep the second substring in the same order.\n\"r/g / e/at\" --&gt; \"r/g / e/ a/t\" // again apply the algorithm recursively, divide \"at\" to \"a/t\".\n\"r/g / e/ a/t\" --&gt; \"r/g / e/ a/t\" // random decision is to keep both substrings in the same order.\nThe algorithm stops now, and the result string is \"rgeat\" which is s2.\nAs one possible scenario led s1 to be scrambled to s2, we return true.\n</pre>\n\n<p><strong class=\"example\">Example 2:</strong></p>\n\n<pre><strong>Input:</strong> s1 = \"abcde\", s2 = \"caebd\"\n<strong>Output:</strong> false\n</pre>\n\n<p><strong class=\"example\">Example 3:</strong></p>\n\n<pre><strong>Input:</strong> s1 = \"a\", s2 = \"a\"\n<strong>Output:</strong> true\n</pre>\n\n<p>\u00a0</p>\n<p><strong>Constraints:</strong></p>\n\n<ul>\n\t<li><code>s1.length == s2.length</code></li>\n\t<li><code>1 &lt;= s1.length &lt;= 30</code></li>\n\t<li><code>s1</code> and <code>s2</code> consist of lowercase English letters.</li>\n</ul>\n</div></div>"}