{"ques_id": 89, "question_title": "Gray Code", "question_title_slug": "gray-code", "difficulty_level": 2, "description_html": "<div class=\"content__u3I1 question-content__JfgR\"><div><p>An <strong>n-bit gray code sequence</strong> is a sequence of <code>2<sup>n</sup></code> integers where:</p>\n\n<ul>\n\t<li>Every integer is in the <strong>inclusive</strong> range <code>[0, 2<sup>n</sup> - 1]</code>,</li>\n\t<li>The first integer is <code>0</code>,</li>\n\t<li>An integer appears <strong>no more than once</strong> in the sequence,</li>\n\t<li>The binary representation of every pair of <strong>adjacent</strong> integers differs by <strong>exactly one bit</strong>, and</li>\n\t<li>The binary representation of the <strong>first</strong> and <strong>last</strong> integers differs by <strong>exactly one bit</strong>.</li>\n</ul>\n\n<p>Given an integer <code>n</code>, return <em>any valid <strong>n-bit gray code sequence</strong></em>.</p>\n\n<p>\u00a0</p>\n<p><strong class=\"example\">Example 1:</strong></p>\n\n<pre><strong>Input:</strong> n = 2\n<strong>Output:</strong> [0,1,3,2]\n<strong>Explanation:</strong>\nThe binary representation of [0,1,3,2] is [00,01,11,10].\n- 0<u>0</u> and 0<u>1</u> differ by one bit\n- <u>0</u>1 and <u>1</u>1 differ by one bit\n- 1<u>1</u> and 1<u>0</u> differ by one bit\n- <u>1</u>0 and <u>0</u>0 differ by one bit\n[0,2,3,1] is also a valid gray code sequence, whose binary representation is [00,10,11,01].\n- <u>0</u>0 and <u>1</u>0 differ by one bit\n- 1<u>0</u> and 1<u>1</u> differ by one bit\n- <u>1</u>1 and <u>0</u>1 differ by one bit\n- 0<u>1</u> and 0<u>0</u> differ by one bit\n</pre>\n\n<p><strong class=\"example\">Example 2:</strong></p>\n\n<pre><strong>Input:</strong> n = 1\n<strong>Output:</strong> [0,1]\n</pre>\n\n<p>\u00a0</p>\n<p><strong>Constraints:</strong></p>\n\n<ul>\n\t<li><code>1 &lt;= n &lt;= 16</code></li>\n</ul>\n</div></div>"}