{"ques_id": 9, "question_title": "Palindrome Number", "question_title_slug": "palindrome-number", "difficulty_level": 1, "description_html": "<div class=\"content__u3I1 question-content__JfgR\"><div><p>Given an integer <code>x</code>, return <code>true</code> if <code>x</code> is palindrome integer.</p>\n\n<p>An integer is a <strong>palindrome</strong> when it reads the same backward as forward.</p>\n\n<ul>\n\t<li>For example, <code>121</code> is a palindrome while <code>123</code> is not.</li>\n</ul>\n\n<p>\u00a0</p>\n<p><strong class=\"example\">Example 1:</strong></p>\n\n<pre><strong>Input:</strong> x = 121\n<strong>Output:</strong> true\n<strong>Explanation:</strong> 121 reads as 121 from left to right and from right to left.\n</pre>\n\n<p><strong class=\"example\">Example 2:</strong></p>\n\n<pre><strong>Input:</strong> x = -121\n<strong>Output:</strong> false\n<strong>Explanation:</strong> From left to right, it reads -121. From right to left, it becomes 121-. Therefore it is not a palindrome.\n</pre>\n\n<p><strong class=\"example\">Example 3:</strong></p>\n\n<pre><strong>Input:</strong> x = 10\n<strong>Output:</strong> false\n<strong>Explanation:</strong> Reads 01 from right to left. Therefore it is not a palindrome.\n</pre>\n\n<p>\u00a0</p>\n<p><strong>Constraints:</strong></p>\n\n<ul>\n\t<li><code>-2<sup>31</sup>\u00a0&lt;= x &lt;= 2<sup>31</sup>\u00a0- 1</code></li>\n</ul>\n\n<p>\u00a0</p>\n<strong>Follow up:</strong> Could you solve it without converting the integer to a string?</div></div>"}