{"ques_id": 90, "question_title": "Subsets II", "question_title_slug": "subsets-ii", "difficulty_level": 2, "description_html": "<div class=\"content__u3I1 question-content__JfgR\"><div><p>Given an integer array <code>nums</code> that may contain duplicates, return <em>all possible subsets (the power set)</em>.</p>\n\n<p>The solution set <strong>must not</strong> contain duplicate subsets. Return the solution in <strong>any order</strong>.</p>\n\n<p>\u00a0</p>\n<p><strong class=\"example\">Example 1:</strong></p>\n<pre><strong>Input:</strong> nums = [1,2,2]\n<strong>Output:</strong> [[],[1],[1,2],[1,2,2],[2],[2,2]]\n</pre><p><strong class=\"example\">Example 2:</strong></p>\n<pre><strong>Input:</strong> nums = [0]\n<strong>Output:</strong> [[],[0]]\n</pre>\n<p>\u00a0</p>\n<p><strong>Constraints:</strong></p>\n\n<ul>\n\t<li><code>1 &lt;= nums.length &lt;= 10</code></li>\n\t<li><code>-10 &lt;= nums[i] &lt;= 10</code></li>\n</ul>\n</div></div>"}