{"ques_id": 97, "question_title": "Interleaving String", "question_title_slug": "interleaving-string", "difficulty_level": 2, "description_html": "<div class=\"content__u3I1 question-content__JfgR\"><div><p>Given strings <code>s1</code>, <code>s2</code>, and <code>s3</code>, find whether <code>s3</code> is formed by an <strong>interleaving</strong> of <code>s1</code> and <code>s2</code>.</p>\n\n<p>An <strong>interleaving</strong> of two strings <code>s</code> and <code>t</code> is a configuration where <code>s</code> and <code>t</code> are divided into <code>n</code> and <code>m</code> <strong>non-empty</strong> substrings respectively, such that:</p>\n\n<ul>\n\t<li><code>s = s<sub>1</sub> + s<sub>2</sub> + ... + s<sub>n</sub></code></li>\n\t<li><code>t = t<sub>1</sub> + t<sub>2</sub> + ... + t<sub>m</sub></code></li>\n\t<li><code>|n - m| &lt;= 1</code></li>\n\t<li>The <strong>interleaving</strong> is <code>s<sub>1</sub> + t<sub>1</sub> + s<sub>2</sub> + t<sub>2</sub> + s<sub>3</sub> + t<sub>3</sub> + ...</code> or <code>t<sub>1</sub> + s<sub>1</sub> + t<sub>2</sub> + s<sub>2</sub> + t<sub>3</sub> + s<sub>3</sub> + ...</code></li>\n</ul>\n\n<p><strong>Note:</strong> <code>a + b</code> is the concatenation of strings <code>a</code> and <code>b</code>.</p>\n\n<p>\u00a0</p>\n<p><strong class=\"example\">Example 1:</strong></p>\n<img alt=\"\" src=\"https://assets.leetcode.com/uploads/2020/09/02/interleave.jpg\" style=\"width: 561px; height: 203px;\"/>\n<pre><strong>Input:</strong> s1 = \"aabcc\", s2 = \"dbbca\", s3 = \"aadbbcbcac\"\n<strong>Output:</strong> true\n<strong>Explanation:</strong> One way to obtain s3 is:\nSplit s1 into s1 = \"aa\" + \"bc\" + \"c\", and s2 into s2 = \"dbbc\" + \"a\".\nInterleaving the two splits, we get \"aa\" + \"dbbc\" + \"bc\" + \"a\" + \"c\" = \"aadbbcbcac\".\nSince s3 can be obtained by interleaving s1 and s2, we return true.\n</pre>\n\n<p><strong class=\"example\">Example 2:</strong></p>\n\n<pre><strong>Input:</strong> s1 = \"aabcc\", s2 = \"dbbca\", s3 = \"aadbbbaccc\"\n<strong>Output:</strong> false\n<strong>Explanation:</strong> Notice how it is impossible to interleave s2 with any other string to obtain s3.\n</pre>\n\n<p><strong class=\"example\">Example 3:</strong></p>\n\n<pre><strong>Input:</strong> s1 = \"\", s2 = \"\", s3 = \"\"\n<strong>Output:</strong> true\n</pre>\n\n<p>\u00a0</p>\n<p><strong>Constraints:</strong></p>\n\n<ul>\n\t<li><code>0 &lt;= s1.length, s2.length &lt;= 100</code></li>\n\t<li><code>0 &lt;= s3.length &lt;= 200</code></li>\n\t<li><code>s1</code>, <code>s2</code>, and <code>s3</code> consist of lowercase English letters.</li>\n</ul>\n\n<p>\u00a0</p>\n<p><strong>Follow up:</strong> Could you solve it using only <code>O(s2.length)</code> additional memory space?</p>\n</div></div>"}